category_code,category_name,category_code_parent
10021,Apparel,
10178,Apparel Accessories,10021
10937,Bags & Packs,10178
12262,Backpacks & Utility Bags,10937
12264,Briefcases,10937
12263,Handbags & Purses,10937
12265,Laptop & Computer Bags,10937
10935,Belts & Suspenders,10178
10938,Billfolds & Wallets,10178
10936,Eyewear,10178
12260,Reading Glasses,10936
12261,Sunglasses,10936
10939,Gloves & Mittens,10178
10942,Hair Accessories,10178
10941,Headwear,10178
12266,Hats,10941
12267,Headscarves & Bandanas,10941
13701,Key Chains & Key Rings,10178
13409,Parasols & Personal Sun Umbrellas,10178
10943,Scarves & Shawls,10178
10940,Ties,10178
10176,Clothing,10021
13780,Children's Clothing,10176
11019,Baby & Toddler Clothing,13780
12292,Baby & Toddler Shoes,11019
12293,Christening Gowns & Suits,11019
12288,Newborn Clothing,11019
10924,Costumes & Costume Rental,10176
10919,Culturally-Specific Clothing,10176
10906,Custom Clothing,10176
10916,Dancewear,10176
10920,Formal Wear,10176
12250,Bridal Wear,10920
10905,Formal Wear Rentals,10920
12252,Prom Dresses,10920
12251,Tuxedos & Tuxedo Accessories,10920
13778,Men's Clothing,10176
10917,Outerwear,10176
13356,Coats,10917
13357,Slickers & Rainwear,10917
12241,"Pants, Jeans & Trousers",10176
10912,Petite Clothing,10176
10923,Plus Size Clothing,10176
12237,Pullover Sweaters & Cardigans,10176
12240,"Shirts, Tops & Blouses",10176
13117,Dress Shirts,12240
13116,Jerseys & Knit Shirts,12240
13315,T-Shirts,13116
13118,Polo Shirts,12240
12242,Shorts,10176
10925,Sleepwear,10176
10921,Socks & Hosiery,10176
12243,Sport Coats & Jackets,10176
10914,Suits & Business Attire,10176
12238,Sweatshirts & Hoodies,10176
11917,Swimwear,10176
10913,Underwear,10176
12246,Boxers & Briefs,10913
12245,Lingerie & Intimate Apparel,10913
13120,"Body Shapers, Girdles & Bustiers",12245
13123,Bras,12245
13121,Slips,12245
10926,Uniforms,10176
12254,School Uniforms,10926
12253,Work Uniforms,10926
13124,Hospitality Service Uniforms,12253
13125,Public Safety & Security Uniforms,12253
10918,Utility Clothing,10176
12239,Vests,10176
13779,Women's Clothing,10176
10915,Dresses,13779
10922,Maternity Wear,13779
12244,Skirts,13779
10907,Dry Cleaning & Alterations,10021
10177,Footwear,10021
10619,Athletic Shoes,10177
11895,Cleats,10619
11897,Cross-Training Shoes,10619
11898,Running Shoes,10619
11899,Skate Shoes,10619
11896,Tennis Shoes,10619
10931,Boots,10177
12259,Cowboy Boots,10931
12258,Fashion & Dress Boots,10931
12257,Work Boots,10931
10930,Casual Shoes,10177
12256,Clogs,10930
12255,Flats,10930
10932,Dress Shoes,10177
10172,Footwear Accessories,10177
10933,Moccasins,10177
10929,Roller Shoes,10177
10927,Sandals,10177
10173,Shoe Repair & Footwear Services,10177
10928,Slippers,10177
10934,Special Width & Orthopedic Shoes,10177
10171,Jewelry,10021
10902,Anklets,10171
10721,Antique Jewelry,10171
10894,Bracelets,10171
10904,Brooches & Pins,10171
10896,Cufflinks,10171
10901,Earrings,10171
10910,Jewelry Cleaning & Repair,10171
10903,Necklaces,10171
10897,Pearls & Pearl Jewelry,10171
10893,Precious & Semi-Precious Gems & Gemstone Jewelry,10171
12234,Birthstone Jewelry,10893
12233,Diamond Jewelry,10893
10895,Precious Metal Jewelry,10171
12235,Gold Jewelry,10895
13115,Gold Watches,12235
12236,Silver Jewelry,10895
10892,Rings,10171
12231,Engagement Rings,10892
12232,Wedding Rings,10892
10899,Watches & Watch Accessories,10171
13355,Rain Gear,10021
13354,Rain Umbrellas,13355
10013,Arts & Entertainment,
13530,Arts & Entertainment Awards,10013
13760,Cartoons,10013
10723,Comics & Graphic Novels,10013
13443,Comic Strips,10723
12001,Independent & Alternative Comic Books,10723
13570,Manga,10723
12002,Superhero Comic Books,10723
10105,Entertainment Industry,10013
13536,Film & TV Industry,10105
10566,TV Broadcasting,13536
11860,Digital TV,10566
11859,Internet TV,10566
13897,TV Networks & Stations,10566
10557,TV Shows & Programs,10566
13880,TV Comedies,10557
13881,TV Documentary & Nonfiction,10557
13882,TV Dramas,10557
13883,TV Family-Oriented Shows,10557
13884,TV Game Shows,10557
13885,TV Reality Shows,10557
13886,TV Sci-Fi & Fantasy Shows,10557
13887,TV Talent & Variety Shows,10557
13888,TV Talk Shows,10557
13574,Music & Recording Industry,10105
10565,Talent Promotion,10105
13670,Entertainment Media Retailers,10013
10104,Event Entertainment,10013
10563,Bachelor & Bachelorette Parties,10104
10564,Children's Parties,10104
13751,Fireworks,10104
13492,Wedding Entertainment,10104
10111,"Events, Shows & Cultural Attractions",10013
13499,Art Fairs & Festivals,10111
10606,Event & Show Guides & Listings,10111
10602,Expo Events & Shows,10111
11881,Car & Vehicle Shows,10602
11880,"Flower, Garden & Home Shows",10602
13498,Film Festivals,10111
13500,Food & Beverage Events,10111
13852,Live Comedy,10111
11885,Special Exhibits,10111
11886,Theater & Theater Tickets,10111
10603,Ticket Sales & Exchanges,10111
13425,Fun & Trivia,10013
13489,Fun Tests & Silly Surveys,13425
10106,Humor & Jokes,10013
13417,Movies & Films,10013
13515,Action & Adventure Films,13417
13516,Martial Arts Films,13515
13517,Superhero Films,13515
13853,Western Films,13515
13518,Animated Films,13417
13663,Anime,13518
13519,Bollywood & South Asian Film,13417
13520,Classic Films,13417
13523,Comedy Films,13417
13521,Cult & Indie Films,13417
13522,Documentary Films,13417
13524,Drama Films,13417
13532,Family & Children's Films,13417
13531,Film Noir,13417
13729,Filmmaking,13417
13525,Horror Films,13417
13528,Movie Theaters,13417
10554,Movie Tickets,13417
13527,Musical Films,13417
13534,Romance Films,13417
13526,Science Fiction & Fantasy Films,13417
13535,Sports Films,13417
13533,"Thriller, Crime & Mystery Films",13417
13529,War Films,13417
10109,Music & Audio,10013
13799,Children's Music,10109
13538,Classical Music,10109
10593,Concerts & Music Festivals,10109
13539,Country Music,10109
13540,Dance & Electronic Music,10109
13541,Experimental & Industrial Music,10109
13542,Folk & Traditional Music,10109
13552,Indie & Alternative Music,10109
13543,Jazz & Blues,10109
13545,Blues,13543
13544,Jazz,13543
13672,Latin Music,10109
10596,Music & Audio CDs,10109
10595,Music & Audio Retailers,10109
13427,Music Education & Instruction,10109
10591,Music Streams & Downloads,10109
10590,Music Videos,10109
10592,Musical Instruments & Equipment,10109
13855,Drums & Percussion,10592
11879,Guitars,10592
13537,Music Recording Technology,10592
11877,Musical Instrument & Performance Amplifiers,10592
11878,Musical Instrument Digital Interfaces & Synthesizers,10592
13424,Pianos & Keyboards,10592
13546,Pop Music,10109
10570,Radio,10109
10587,Internet Radio,10570
11865,Radio Programs & Shows,10570
12971,Satellite Radio,10570
10588,Record Labels,10109
13547,Religious Music,10109
13548,Christian & Gospel Music,13547
13549,Rock Music,10109
13550,Classic Rock & Oldies,13549
13551,Hard Rock & Progressive,13549
13553,Metal (Music),13549
13554,Punk Rock,13549
10589,Song Lyrics & Tabs,10109
13568,Songwriters & Composers,10109
13555,Soundtracks,10109
13556,Urban & Hip-Hop,10109
13557,Rap & Hip-Hop,13556
13743,Reggaeton,13556
13558,Soul & R&B,13556
13832,Vinyl Records,10109
13559,Vocals & Show Tunes,10109
13560,World Music,10109
13561,African Music,13560
13562,Arab & Middle Eastern Music,13560
13563,East Asian Music,13560
13564,Reggae & Caribbean Music,13560
13565,South Asian Music,13560
13566,Offbeat,10013
13567,Edgy & Bizarre,13566
10110,Sports Entertainment,10013
10598,Fantasy Sports,10110
13635,Professional Wrestling,10110
10597,Sport Scores & Statistics,10110
11883,Sports Event Tickets & Ticketing Services,10110
10599,Sports Fan Sites & Blogs,10110
10103,TV & Video,10013
13511,Blu-Ray Discs,10103
10561,DVD & Blu-Ray Retailers,10103
13824,DVD & Video Rentals,10103
10558,Entertainment DVDs,10103
10553,Movie & TV Fan Sites,10103
13572,Movie & TV Reference,10103
10560,"Movie Reviews, Previews & Listings",13572
13730,TV Guides & Reference,13572
10556,Video Clips,10103
10562,Video On Demand,10103
13388,Visual Art & Design,10013
13595,Painting,13388
10005,Beauty & Personal Care,
10050,Anti-Aging,10005
11434,Anti-Aging Creams & Moisturizers,10050
13422,Body Art,10005
10898,Body Jewelry & Piercings,13422
10315,Tattoo Removal,13422
13636,Fashion & Style,10005
13637,Fashion Designers & Collections,13636
13638,Fashion Modeling,13636
11414,Virtual Makeovers,13636
10055,Hair Care,10005
10335,Damaged Hair,10055
10337,Hair Dyes & Coloring,10055
10477,Hair Loss,10055
11727,Hair Loss Procedures,10477
11726,Hair Loss Products,10477
10336,Hair Straighteners & Relaxers,10055
10339,Hair Styling,10055
10340,Hair Brushes & Styling Equipment,10339
10333,Hair Salons & Styling Services,10339
10338,Shampoos & Conditioners,10055
10332,Wigs & Wig Accessories,10055
10060,Hygiene & Toiletries,10005
10355,"Antiperspirants, Deodorants & Body Spray",10060
10354,"Cotton Swabs, Balls & Pads",10060
10356,Feminine Hygiene Products,10060
11432,Sanitary Pads & Napkins,10356
11433,Tampons,10356
13866,Insect Repellent,10005
10053,Lip Care,10005
10054,Make-Up & Cosmetics,10005
10325,Blush,10054
10329,Concealer,10054
10324,Eye Make-Up,10054
11419,Eyeshadow,10324
11420,Mascara & Eyelash Products,10324
10327,Face Powder,10054
10330,Foundation,10054
10323,Lipsticks & Lip Glosses,10054
10331,Make-Up Brushes & Tools,10054
10051,Nail Care,10005
10322,Manicures & Pedicures,10051
10320,Nail Care Tools,10051
10321,Nail Fungus Products,10051
10319,Nail Polish & Nail Polish Accessories,10051
10059,Oral Care,10005
10345,Canker Sore Treatments,10059
10349,Dental Care Gum,10059
10347,Dental Floss & Gum Health,10059
10353,Denture Care,10059
10348,Mouthwash,10059
10346,Teeth Whitening,10059
10351,Toothache Relief,10059
10352,Toothbrushes & Toothbrush Accessories,10059
11431,Manual Toothbrushes,10352
11430,Powered Toothbrushes,10352
10350,Toothpaste,10059
10057,Perfumes & Fragrances,10005
10058,Shaving & Grooming,10005
10342,Personal Grooming Kits & Equipment,10058
11425,Razors & Shavers,10058
12726,Electric Shavers,11425
13244,Men's Electric Shavers,12726
13243,Women's Electric Shavers & Epilators,12726
12727,Razors,11425
13246,Men's Razors,12727
13245,Women's Razors,12727
10343,Unwanted Body & Facial Hair Removal,10058
12724,Electrolysis,10343
11422,Hair Removal Creams,10343
12725,Laser Hair Removal,10343
12723,Professional Waxing,10343
11423,Waxing Products & Accessories,10343
10047,Skin Care,10005
10309,Body Cleansing,10047
11410,Bath Additions,10309
11411,Bathing Equipment,10309
12721,Body Wipes,10309
11412,Hand & Body Soaps & Cleansers,10309
12722,Liquid Soaps,11412
10310,Body Lotions & Oils,10047
13850,Exfoliants & Scrubs,10047
10061,Face Care,10047
10358,Face Lotions & Moisturizers,10061
10359,Facial Cleansers & Make-Up Removers,10061
10049,Spa & Medical Spa,10005
10316,Aromatherapy & Essential Oils,10049
10314,At-Home Spa Equipment,10049
10317,Cosmetic Procedures,10049
11418,Laser Skin Treatments,10317
11417,Microdermabrasion,10317
11416,Non-Surgical Fat Loss,10317
11415,Permanent Make-up Services,10317
12939,Wrinkle Treatments,10317
13704,Day Spas & Salon Spas,10049
13705,Destination & Resort Spas,10049
13446,Saunas,10049
10048,Tanning & Sun Care,10005
10311,Sun Lotions & Sunscreen,10048
11413,Self-Tanning Lotions & Products,10311
10313,Tanning Beds,10048
10312,Tanning Services,10048
10004,Business & Industrial,
13864,Aerospace & Defense,10004
13460,Agriculture,10004
11194,Agricultural Equipment,13460
12444,Balers,11194
12438,Crop Sprayers,11194
12440,Cultivators,11194
12443,Farm Tractors,11194
13159,Front End Loaders,12443
13160,Walking Tractors,12443
12439,Feed Grinders,11194
12441,Grain Augers & Conveyors,11194
12434,Manure & Seed Spreaders,11194
12436,Rock Pickers,11194
11074,Agricultural Research,13460
11076,Agricultural Testing & Analysis,13460
12357,Crop Consulting,11076
12356,Soil Testing & Analysis,11076
12552,Agrochemicals,13460
11073,Aquaculture & Fishery Services,13460
11188,Crops,13460
12428,Cereal & Grain,11188
12427,Seed,11188
11083,Forestry,13460
12423,Firewood & Firewood Equipment,11083
13156,Firewood Processors,12423
13157,Log Splitters,12423
12422,Land-Clearing,11083
12366,Logging & Milling,11083
11078,Horticulture,13460
13375,Greenhouse & Nursery Equipment & Supplies,11078
11190,Irrigation,13460
12430,Sprinklers,11190
12429,Water Hoses & Accessories,11190
11192,Livestock,13460
12432,Cattle,11192
12433,Domestic Pigs,11192
12365,Livestock Auctioning,11192
12361,Livestock Breeding,11192
12360,Livestock Feed,11192
12364,Livestock Slaughtering & Processing,11192
12431,Poultry,11192
11301,Natural Fibers,13460
10282,Building Construction & Maintenance,10004
13797,Building Materials & Supplies,10282
10700,Architectural Salvage & Reclaimed Building Materials,13797
11281,Awnings & Canopies,13797
13867,Ceilings,13797
11299,Doors & Windows,13797
12616,Exterior & Interior Doors,11299
12617,Garage Doors,11299
12613,Windows,11299
11139,Window Repair,12613
12614,Window Screens & Outdoor Shutters,12613
11294,Drywall,13797
11295,Electrical Wiring,13797
11286,Exterior Siding,13797
12585,Stucco,11286
12586,Vinyl Siding,11286
12587,Wood Siding,11286
11288,Flooring,13797
12598,Concrete Flooring,11288
11136,Flooring Installation,11288
12599,Laminate Flooring,11288
12596,Linoleum & Marmoleum Flooring,11288
12594,Rugs & Carpet,11288
12593,Stone Flooring,11288
12600,Vinyl Flooring,11288
12595,Wood Flooring,11288
11283,Insulation,13797
12425,Wood & Lumber,13797
11138,Building Painting Services,10282
11151,Building Restoration & Preservation,10282
11133,Chimney Services,10282
11141,Commercial & General Contracting,10282
11154,Construction Consulting,10282
11145,Construction Estimation,10282
11276,Construction Trailers,10282
11297,Decking Products & Equipment,10282
11148,Demolition Services,10282
11275,Earth Movers & Construction Tractors,10282
13158,Back Hoe Loaders,11275
12445,Skid Steer Loaders,11275
13731,Eco-Friendly Building & Construction,10282
11143,Electrician Services,10282
11132,Excavation Services,10282
11284,HVAC & Climate Control,10282
12582,Air Conditioners,11284
11147,HVAC Service & Repair,11284
12584,Heaters & Furnaces,11284
13803,Residential Boilers,11284
12583,Ventilators,11284
11277,Handrails,10282
11287,Hardware Tools & Accessories,10282
13219,Drills,11287
13222,Hammers,11287
12589,Hardware Accessories,11287
13199,Ball Bearings,12589
13193,Belts & Belting,12589
13196,Coils & Springs,12589
13204,Drill Bits,12589
13200,Fasteners & Hooks,12589
13201,Gaskets & Seals,12589
13197,Grommets,12589
13203,Hinges & Latches,12589
13202,Knobs,12589
13198,Mechanical Bushings,12589
13195,Nails,12589
13194,Power Tool Accessories,12589
13319,Screws,12589
12590,Power Tools,11287
13213,Chainsaws,12590
13207,Grinders,12590
13210,Nailguns,12590
13216,Planers,12590
13206,Power Drills,12590
13215,Power Router,12590
13212,Power Saws,12590
13675,Band Saw,13212
13321,Table Saws,13212
13211,Rotary Tools,12590
13208,Sanders,12590
13205,Stud Sensors & Detectors,12590
13218,Riveters,11287
13221,Saws,11287
13217,Screwdrivers,11287
13674,Tool Belts,11287
12592,Tool Storage & Accessories,11287
13823,Woodworking Tools & Equipment,11287
13220,Wrenches,11287
11280,House Paints & Stains,10282
11293,Installation Lighting,10282
11308,Exit & Emergency Signs & Lights,11293
12611,Exterior Lighting,11293
12610,Interior Lighting,11293
12612,Lighting Fixtures,11293
12609,Track Lighting,11293
11278,Kitchen & Bathroom Counters,10282
11150,Landscaping & Landscape Design,10282
11153,Locks & Locksmiths,10282
12417,Key Making & Copying,11153
11292,Masonry,10282
12606,Bricks,11292
12607,Cement & Concrete,11292
11146,Concrete Mixing & Pouring,11292
12608,Stone,11292
13462,Plumbing,10282
12603,Indoor Fire Sprinklers,13462
12602,Plumbing Fixtures,13462
13228,Bathroom Fixtures,12602
13326,Bathroom Faucets & Shower Heads,13228
13325,Bathtubs,13228
13342,"Showers, Shower Doors & Enclosures",13228
13328,Sinks & Basins,13228
13327,Toilets,13228
13230,Faucets,12602
13229,Kitchen Fixtures,12602
13329,Kitchen Faucets & Sprayers,13229
12601,"Pumps, Valves & Accessories",13462
13227,Hoses,12601
13224,Pipe Fittings,12601
13226,"Pipes, Tubes & Tubing",12601
13225,Plumbing Pumps,12601
13223,Valves,12601
13191,Water Heaters,13462
12605,Water Softeners,13462
11279,Prefabricated Buildings,10282
11149,Property Inspection & Coding,10282
11298,Rebar & Rebar Accessories,10282
11285,Roofing,10282
11140,Roofing Installation & Repair,11285
12597,Tiles & Tiling,10282
13848,Urban & Regional Planning,10282
10276,Business Management,10004
11088,Advertising & Marketing,10276
13412,Classified Ads,11088
12379,Direct Marketing,11088
12382,"Dubbing, Narration & Voice-Over",11088
12376,Internet Marketing,11088
13153,Affiliate Marketing,12376
13154,Email Marketing,12376
13155,Pay Per Click Marketing,12376
13152,Search Engine Marketing,12376
13316,Search Engine Optimization,13152
13317,Search Engine Paid Placement,13152
13755,Loyalty Cards & Programs,11088
11101,Mailing Lists & Email Newsletters,11088
12381,Market Research,11088
13442,Surveys,12381
13728,Political Polls & Surveys,13442
12378,Marketing Consulting,11088
12377,Public Relations,11088
12380,Telemarketing,11088
13411,Business Opportunities,10276
13762,Home-Based Business Opportunities,13411
13761,MLM & Get Rich Quick Opportunities,13411
11089,Business Process Analysis,10276
11096,Business Security Investigation,10276
11086,Business Strategy Planning,10276
11090,Corporate Events,10276
12386,Corporate Entertainment,11090
12385,Corporate Event Planning,11090
12384,Team Building,11090
12383,Trade Fairs & Shows,11090
11092,Customer Support & Outreach,10276
13854,E-Commerce,10276
11084,Human Resources,10276
12373,Compensation & Benefits,11084
12370,Corporate Training,11084
12374,Employee Relations,11084
12369,Outsourcing & Outplacement,11084
12372,Payroll Services,11084
12371,Recruiting & Retention,11084
11085,Mail Order Services,10276
11098,Management Consulting,10276
11099,Office & Facilities Management,10276
12397,Document Management,11099
12396,Document Shredding & Destruction,11099
12398,Mail Processing,11099
12399,Office Automation,11099
11095,Physical Asset Management,10276
11097,Supply Chain Management,10276
11094,Technology Consulting,10276
11100,Transcription,10276
13491,Chemical Industry,10004
12345,Biochemistry,13491
11250,Chemicals & Chemical Products,13491
12548,Absorbents,11250
12557,Additives,11250
12559,Agents & Reagents,11250
12551,Chemical Adhesives,11250
12550,Chemical Removers & Solvents,11250
12553,Desiccants,11250
12558,Dyestuffs & Inks,11250
12555,Industrial Protectants & Sealers,11250
12556,Lubricants,11250
13189,Industrial Lubricants,12556
13188,Vehicle Lubricants,12556
12549,Paint Thinners,11250
12547,Plastics & Rubber,11250
12546,Refrigerants,11250
11191,Resins,11250
11163,Food Science,13491
10307,Commercial & Industrial Printing,10004
11169,Book Printing,10307
11392,CD & DVD Duplication & Printing,10307
11168,Check Printing,10307
11397,Large Format Printers,10307
11396,Pad Printing,10307
12708,Printing Presses,10307
11171,Screen Printing,10307
11394,UV Curing,10307
10273,Design & Engineering,10004
11130,Architecture,10273
12416,Architectural Engineering,11130
13868,Civil Engineering,10273
11367,Drafting Boards & Tables,10273
11369,Drafting Equipment,10273
11069,Drafting Services,10273
11068,Graphic Design,10273
13733,Industrial & Product Design,10273
13732,Industrial & Systems Engineering,10273
13734,Interior Design,10273
10295,Energy Industry,10004
11176,Energy Consulting,10295
11173,Energy Management,10295
13603,Energy Audits & Assessments,11173
11174,Energy Price Comparison,10295
11175,Energy Research,10295
11263,Generators,10295
11259,Industrial Magnets,10295
12113,Oil & Gas,10295
11261,Fuel,12113
12569,Biofuel,11261
13346,Biodiesel,12569
13190,Ethanol,12569
12570,Gasoline,11261
12572,Natural Gas,11261
12571,Propane,11261
11257,Fuel Cells,12113
12110,Renewable & Alternative Energy,10295
11262,Solar Power,12110
12574,Solar Chargers,11262
12573,Solar Panels,11262
13838,Wind Power,12110
11388,Waste Management,10295
12706,Recycling,11388
13676,Fishing Industry,10004
13677,Commercial Fishing,13676
13844,Food Production,10004
10301,Food Service Industry,10004
11340,Beverage & Bar Supplies,10301
12651,"Beverage, Bar & Wineware",11340
13835,Mugs & Cups,12651
13331,Wine Glasses,12651
13330,Wine Openers & Accessories,12651
12646,Cold Beverage Dispensers,11340
11485,Catering & Bartending,10301
11347,Chafing Dishes,10301
11345,Commercial Food Preparation Equipment,10301
11346,Concession Equipment,10301
12052,Culinary Schools & Courses,10301
11341,Dish Dispensers,10301
11160,Food Consulting,10301
11352,Food Display Cases,10301
11162,Food Distribution,10301
11159,Food Import & Export,10301
11161,Food Marketing,10301
11156,Food Packing & Bottling,10301
11354,Food Scales,10301
11353,Food Transport Carts,10301
11348,Ice Machines,10301
11355,Industrial Food Storage,10301
11343,Industrial Refrigeration,10301
11155,Restaurant Suppliers,10301
11344,Salad & Cold Food Bars,10301
11342,Steam Tables & Food Warmers,10301
11349,Work & Dish Tables,10301
13841,Import & Export,10004
13464,Industrial Goods & Manufacturing,10004
10302,Industrial Electronics,13464
11359,Electronic Components,10302
12680,Attenuators,11359
12679,Capacitors,11359
12688,Circuit Boards,11359
12686,Circuit Breakers,11359
13845,Electrical Transformers,11359
12699,Electronic Chips,11359
12694,Electronic Circuits,11359
12685,Electronic Connectors & Terminals,11359
12698,Electronic Converters,11359
12684,Electronic Decoders & Encoders,11359
12676,Electronic Filters,11359
12677,Electronic Fuses & Fuseblocks,11359
12691,Electronic Inductors,11359
12693,Electronic Multiplexers,11359
12692,Electronic Oscillators,11359
12690,Electronic Resistors,11359
12682,Electronic Sockets,11359
12681,Electronic Terminal Blocks,11359
12697,Electronic Transistors,11359
12696,Electronic Transmitters,11359
12683,Potentiometers & Rheostats,11359
12695,Semiconductor Devices,11359
12687,Thermistors,11359
12675,Thermocouples,11359
12689,Transceivers,11359
12678,Transducers,11359
11363,Electronic Consoles & Enclosures,10302
11360,Electronic Test & Measurement Equipment,10302
11358,Electronic Wires & Tubing,10302
11361,Industrial Control Starters,10302
11362,Industrial Electronic Fans,10302
11357,Industrial Electronic Power Supplies,10302
11356,Optoelectronic & Fiber Electronic Products,10302
11364,Proximity Sensors,10302
10281,Industrial Manufacturing,13464
11118,Contract Manufacturing & Outsourcing,10281
11128,Industrial Brazing,10281
11109,Industrial Coating,10281
11124,Industrial Cutting,10281
11108,Industrial Drilling,10281
11111,Industrial Embossing & Engraving,10281
12517,Marking Devices,11111
11121,Industrial Filling,10281
11119,Industrial Finishing,10281
11113,Industrial Forming,10281
11114,Injection Molding,11113
11115,Thermoforming,11113
11120,Industrial Grinding,10281
11117,Industrial Handling & Processing,10281
11238,Industrial Handling & Processing Equipment,11117
12497,Actuators,11238
12524,Autoclaves & Sterilizers,11238
12496,Cargo Carriers,11238
12519,Chemical Reactors,11238
12522,Conveyors & Conveyor Parts,11238
12521,Dampers,11238
12512,Dehumidifiers,11238
12516,Dehydrators,11238
12515,Distilling Equipment,11238
12514,Dollies,11238
11384,Elevators & Lifts,11238
12504,Evaporators,11238
12508,Heat Exchangers & Pumps,11238
12510,Heat Sinks,11238
12498,Heat Treating Equipment,11238
12518,Hoists & Winches,11238
12523,Industrial & Protective Cases,11238
12501,Industrial Benches & Tables,11238
12525,Industrial Boilers,11238
12509,Industrial Burners,11238
12505,Industrial Carts,11238
12506,Industrial Crushers & Compactors,11238
12511,Industrial Kilns,11238
12513,Industrial Storage Containers,11238
12502,Lifting Jacks,11238
12499,Pallets,11238
12507,Reclaimers,11238
12520,Refractory Equipment,11238
12503,Vats,11238
11125,Industrial Heat Sealing & Treating,10281
11126,Industrial Lubrication,10281
11123,Industrial Measurement & Control,10281
11129,Industrial Slitting,10281
11127,Industrial Storage,10281
10293,Industrial Tools & Equipment,10281
11248,Air Compressors,10293
11242,Applicators & Dispensers,10293
11245,Bellows,10293
11243,Dies & Molds,10293
11240,Drill Presses,10293
11244,Industrial Abrasives,10293
11249,Industrial Blowers,10293
11247,Industrial Cutting Equipment,10293
12544,Industrial Chainsaws,11247
12543,Industrial Tablesaws,11247
11246,Industrial Grinders,10293
13763,Industrial Lasers,10293
11239,Industrial Lubricators,10293
11241,Industrial Measurement & Control Equipment,10293
12531,Accelerometers,11241
12532,Alignment & Calibration,11241
13187,Laser Alignment,12532
12526,Anemometers,11241
12535,Borescopes,11241
12530,Comparators,11241
12533,Dynamometers,11241
12528,Flowmeters,11241
12527,Gauges,11241
13186,Micrometer Screw Gauges,12527
12529,Industrial Scales,11241
12536,Industrial Thermometers,11241
12541,Industrial Thermostats,11241
12538,Limiters,11241
12537,Pyrometers,11241
12534,Regulators,11241
12540,Tachometers,11241
12539,Test Probes,11241
11110,Laser Marking,10281
11122,Metalworking,10281
11196,I-Beams,11122
12415,Industrial Forging,11122
11197,Metal Alloys,11122
12446,Carbide & Carbide Products,11197
12409,"Metal Casting, Molding & Machining",11122
12414,Metal Fabrication,11122
12407,Metal Plating & Finishing,11122
12411,Metal Stamping,11122
12408,Metallurgical Engineering,11122
11201,Metalworking Tools,11122
11204,Scrap Metal,11122
11200,Sheet & Plate Metal,11122
11195,Steel Angles & Channels,11122
12413,Welding,11122
12456,Welding Tools & Equipment,12413
12410,Mining,10281
10291,Mine Working Products & Equipment,12410
11112,Product Assembly,10281
11198,Metals,13464
12450,Aluminum,11198
12455,Brass,11198
12452,Bronze,11198
12448,Cobalt,11198
12447,Copper,11198
12454,Powdered Metals,11198
12449,Precious Metals,11198
13163,Gold,12449
13164,Platinum,12449
13162,Silver,12449
12451,Steel,11198
12453,Tin,11198
11202,Minerals,13464
11067,Occupational Health & Safety,13464
11383,Hazardous Material Control,11067
13746,Industrial Safety Supplies & Equipment,11067
10306,Plant & Facility,13464
11390,Acoustic Materials & Noise Control,10306
11387,Air Handling,10306
11386,Building Automation,10306
11182,Environmental Control,10306
12566,Robotics & Factory Automation,10306
10298,Textiles & Textile Services,13464
11303,Feathers & Down,10298
11300,Leather & Fur,10298
11060,Textile Manufacturing,10298
11116,Textile Spinning,10298
10308,Janitorial Products & Services,10004
11401,Electric Hand Dryers,10308
11400,Floor Cleaning,10308
12716,Automatic Floor Scrubbers,11400
12718,Carpet Fans,11400
11409,Industrial Brooms & Brushes,11400
12717,Industrial Floor Burnishers & Polishers,11400
11405,Industrial Mops & Mop Buckets,11400
12715,Industrial Vacuum Cleaners,11400
11402,Janitorial Carts,10308
11398,Janitorial Signs,10308
12710,ADA Signs,11398
12709,Wet Floor Signs,11398
11406,Odor Control Devices,10308
11408,Soap Dispensers,10308
11399,Touch-Free Devices,10308
12713,Automatic Faucets,11399
12712,Automatic Flush Valves,11399
12711,Automatic Soap Dispensers,11399
12714,Automatic Towel Dispensers,11399
11407,Towel Dispensers,10308
11403,Urinal Supplies,10308
11404,Waste Receptacles,10308
13804,Manufacturing,10004
10271,Consumer Goods Manufacturing,13804
11056,Apparel Manufacturing,10271
11055,Auto Industry & Vehicle Manufacturing,10271
11061,Consumer Electronics Manufacturing,10271
11058,Furniture Manufacturing,10271
11059,Home Appliance Manufacturing,10271
13814,"Plaques, Awards & Trophies",10271
10300,Office,10004
11338,"Binders, Binding & Laminating",10300
11325,"Business Cards, Stationery & Forms",10300
11328,Calculators,10300
11334,Calendars & Planners,10300
12580,Calendar & Scheduling Software,11334
11332,Desk Organizers,10300
11329,Glue & Paste,10300
11336,Labels & Labeling,10300
11324,Lanyards & Badge Holders,10300
11337,Microcassette Recorders,10300
11339,Office Appliances,10300
12638,Copiers,11339
12640,Desktop Printers,11339
13235,Inkjet Printers,12640
13233,Laser Printers,12640
13236,Multi-Function Printers,12640
13234,Photo Printers,12640
12641,Electronic Whiteboards,11339
12637,Fax Machines & Accessories,11339
12642,Overhead Projectors,11339
12639,Paper Shredders,11339
11323,Office Furniture,10300
12635,Bookcases & Shelving,11323
12630,Cubicle Walls & Panels,11323
12634,Desk Lamps & Table Lamps,11323
12632,Filing Cabinets,11323
12631,Office & Computer Desks,11323
12633,Task Chairs,11323
11305,Paper,10300
11326,Paper Clips & Rubber Bands,10300
11370,Pens & Writing Instruments,10300
11333,Portfolios & Presentation Cases,10300
11335,Printer Accessories,10300
11330,"Staplers, Scissors & Punchers",10300
10290,Retail Trade,10004
11210,Apparel Retail Supplies,10290
12466,Clothing & Accessory Hangers,11210
12468,Mannequins,11210
11227,Ash Tray Receptacles,10290
11208,Bar Code Scanners,10290
11207,Bill & Coin Counters,10290
11380,CD & DVD Jewelboxes & Cases,10290
11233,Cash Registers & Cash Register Supplies,10290
11224,Counterfeit Money Detectors,10290
11216,Floor Mats,10290
11206,Hand Trucks & Utility Carts,10290
11181,Inventorying,10290
11230,"Jewelry Bags, Boxes & Displays",10290
11178,Loss Prevention,10290
11232,Merchant Point-of-Sale Systems,10290
11180,Merchant Services & Payment Systems,10290
11211,Paper & Plastic Bags,10290
11214,Pegboard & Slatwall,10290
11219,Retail Display Supplies,10290
12475,Display Racks & Cases,11219
12471,Kiosks,11219
11205,Retail Signs & Banners,10290
12459,LED Signs,11205
12458,Neon Signs,11205
12460,Open & Closed Signs,11205
12462,Sign Holders & Easels,11205
11231,Shopping Baskets & Carts,10290
11217,Shrink Wrapping Systems,10290
11229,Tagging Guns,10290
11220,Time Clocks & Time Cards,10290
11209,Turnstiles & Traffic Control Devices,10290
11179,Vending,10290
11228,Vending Machines,11179
10294,Scientific Equipment & Services,10004
11047,Bioremediation,10294
11252,Biotechnology Equipment,10294
11254,Laboratory Equipment & Supplies,10294
12560,Lab Safety Equipment,11254
12561,Laboratory Incubators,11254
12567,Microscopes & Microscope Accessories,11254
12565,Mobile Labs,11254
12564,Scientific Centrifuges,11254
11054,Materials Testing,10294
11253,Scientific Books & Journals,10294
11255,Scientific Glassware & Accessories,10294
10299,Security Equipment & Services,10004
11062,Body Guards,10299
11322,Car Alarm Systems,10299
11311,Electronic Voice Changers,10299
11316,Intercoms,10299
11310,Night Vision Goggles & Scopes,10299
11309,Safes,10299
11066,Security Alarm Services,10299
11065,Security Guards,10299
11321,Security Weapons,10299
12626,Batons,11321
12625,Handcuffs,11321
12629,Mace & Pepper Spray,11321
12627,Stun Guns & Tasers,11321
11313,Surveillance Equipment,10299
12620,Alarm Systems & Equipment,11313
12622,Motion Detectors,11313
12619,Phone Recorders & Phone Tap Detectors,11313
12621,Security Cameras,11313
11320,Weather Alert Radios,10299
10305,Shipping & Packing,10004
11374,Cargo Containers,10305
13604,Couriers & Messengers,10305
11104,Express & Expedited Shipping,10305
11103,Freighting,10305
12401,Air Cargo,11103
12403,Containerization,11103
12400,Freight Forwarding,11103
12402,LTL (Less Than Truckload) Shipping,11103
12405,Maritime Freighting,11103
12404,Rail Freighting,11103
12406,Trucking,11103
13724,Mail & Package Delivery,10305
11376,Mailing Tubes,10305
11381,Packing Cushioning & Packing Paper,10305
11382,Shipping Boxes,10305
11327,Stamps & Envelopes,10305
11377,Strapping Equipment & Devices,10305
11373,Tape & Tape Dispensers,10305
11102,Warehousing,10305
11235,Veterinary Equipment & Supplies,10004
10019,Computers & Consumer Electronics,
10168,Computers,10019
10886,Computer Accessories,10168
12214,Computer Adapters,10886
12212,Computer Cables,10886
12217,Computer Cases & Case Accessories,10886
12222,Computer Keyboards,10886
12219,Computer Monitor Accessories,10886
12221,Computer Power Supplies,10886
13400,Computer Speakers,10886
12218,Fans & Cooling Equipment,10886
12223,Graphics Tablets,10886
13815,Laptop Batteries,10886
12216,Mice & Pointing Devices,10886
12213,Networking Accessories,10886
12220,PDA Accessories,10886
12215,Scanner Accessories,10886
12224,Webcams,10886
12203,Computer Consulting,10168
10883,Computer Hardware,10168
12188,Computer Components,10883
13071,Computer Processors,12188
13312,Microprocessors,13071
13074,Ethernet Cards,12188
13073,Graphic & Video Cards,12188
13072,Motherboards,12188
13075,Sound Cards,12188
12194,Computer Memory & Storage Devices,10883
13080,CD & DVD Storage Media,12194
13081,Desktop Memory Cards & Devices,12194
13078,External Hard Drives,12194
13082,Flash Memory Devices & Memory Sticks,12194
13077,Internal Hard Drives,12194
13084,Laptop Memory Cards & Devices,12194
13079,Memory Card Readers,12194
13083,Tape Back-Up Drives & Media,12194
12185,Computer Monitors & Projectors,10883
13067,CRT Monitors,12185
13065,Electronic Projectors,12185
13066,LCD Monitors,12185
12184,Computer Networking Devices,10883
13063,Ethernet Networking Devices,12184
13311,Network Hubs & Adapters,13063
13059,Firewall & Spam Filter Hardware,12184
13064,Modems,12184
13060,Network Routers,12184
13061,Network Switches,12184
12189,Computer Server Components,10883
13076,Computer Server Processors,12189
12195,Computer Servers,10883
13087,Blade Servers,12195
13085,Desktop Servers,12195
13086,Rack-Mount Servers,12195
12192,Computer Workstations,10883
12186,"DVD & CD Drives, Burners & Recorders",10883
12193,Desktop Computers,10883
13851,Gaming Computers,10883
12187,Laptop Computers,10883
13070,Netbooks & Ultra-Mobile PCs,12187
13068,Tablet PCs,12187
13069,Ultra-Thin Laptops,12187
12190,Scanners,10883
12191,Thin Clients,10883
11057,Computer Manufacturing,10168
12196,Computer Rentals,10168
12201,Computer Repair,10168
13090,Data Recovery,12201
13091,Motherboard Repair,12201
12202,Computer Tech Support,10168
12156,Hosted Data Storage,10168
10885,Software,10168
12209,Business & Productivity Software,10885
10537,Accounting & Financial Software,12209
13744,Time Management & Time Tracking Software,10537
11289,Building & Construction Software,12209
10296,Business Management Software,12209
11274,Business Intelligence Software,10296
11272,Content & Knowledge Management Software,10296
11265,Customer Service & Support Software,10296
11271,Data Management Software,10296
11266,Facilities Management Software,10296
11269,Human Resources Software,10296
11264,Process Management Software,10296
11268,Procurement & Purchasing Software,10296
11270,Project Management Software,10296
12579,Collaboration Software,11270
12578,Enterprise Resource Planning Software,11270
12581,Inventory & Asset Management Software,11270
11273,Sales & Marketing Software,10296
11267,Supply Chain Management Software,10296
12554,Chemical Software,12209
11221,E-Commerce & Retail Software,12209
11258,Energy & Utility Software,12209
10155,Legal Software,12209
13107,Medical Software,12209
13108,Real Estate Software & Tools,12209
11251,Scientific Software,12209
13817,Translation Software,12209
13106,Virtual Tour Software,12209
13789,Computer Monitoring & Spy Software,10885
12207,Device Drivers,10885
13103,CD-ROM Drivers,12207
13102,DVD-ROM Drivers,12207
13101,Printer Drivers,12207
13602,Drafting & Design Software,10885
12206,Educational Software,10885
13816,Freeware & Shareware,10885
11368,Graphics & Multimedia Software,10885
12703,Audio & Music Software,11368
12700,Desktop Publishing Software,11368
13440,Digital Media Players,11368
12704,Font Design Software,11368
12701,Photo Software,11368
12705,Video Software,11368
12702,Web Design Software,11368
12204,Internet Software & Web Goodies,10885
13597,Clip Art & Animated GIFs,12204
13095,Network Management Software,12204
13092,Network Security Software,12204
13313,Anti-Spam Software,13092
13314,Anti-Virus Software,13092
13372,Screensavers & Digital Wallpaper,12204
13096,Site Management Software,12204
13371,Social Network Apps & Add-ons,12204
13713,Toolbars,12204
13097,Web Applications,12204
13406,Web Browsers,12204
11497,Web Stats & Internet Analytics,12204
13404,Web Templates,12204
13112,Mac Software,10885
12205,Middleware,10885
13099,Application Server Software,12205
13100,Database Software,12205
13098,Service Oriented Architecture,12205
12208,Operating Systems & OS Emulators,10885
13104,Operating Systems,12208
13105,Virtualization Software,12208
13413,Remote Desktop & VPN Software,10885
12197,Software Development,10885
12211,Programming & Developer Software,12197
13113,C & C++ Software,12211
13110,Debugging Software,12211
13111,Java Software,12211
13642,Software & Application Frameworks,12197
13643,Software Testing,12197
13750,Version Control Software,12197
12210,Software Utilities,10885
13114,Unix Software,10885
13109,Windows & .NET Software,10885
10882,Technology News & Publications,10168
12199,"Technology Specs, Reviews & Comparisons",10168
10167,Consumer Electronics,10019
10881,Car Audio & Video,10167
11314,CB Radios,10881
12130,Car Audio Accessories,10881
12178,Car Audio Amplifiers,10881
12183,Car Audio Equalizers,10881
12181,Car CD Players & Changers,10881
12172,Car DVD Players,10881
12179,Car Speakers,10881
12182,Car Stereos,10881
12175,Car Video Accessories,10881
12173,Car Video Screens,10881
12174,In-Dash Video Units,10881
10872,Consumer Electronic Accessories,10167
13402,Batteries & Chargers,10872
13401,Multi-Purpose Batteries & Chargers,13402
12149,Consumer Electronic Donation,10167
12150,Consumer Electronic Service & Repair,10167
12148,Consumer Electronic Warranty Plans,10167
12153,Electronic Waste Disposal,10167
10880,GPS & Navigation,10167
12131,GPS Accessories,10880
12177,GPS Devices,10880
11893,Handheld GPS Devices,12177
13056,Vehicle GPS Devices,12177
13309,Automotive GPS Systems,13056
13310,Marine GPS Systems,13056
10873,Home Audio & Video,10167
13047,Blu-Ray Players & Recorders,10873
12146,DVD Players,10873
12145,DVRs & Set Top Boxes,10873
12136,HD Players & Recorders,10873
13776,Headphones,10873
12132,Home Audio & Video Accessories,10873
13030,Television Accessories,12132
13307,Television Receivers,13030
12140,Home Theater Projectors,10873
12137,Home Theater Systems,10873
12134,Music Systems & Music Components,10873
13034,CD-Players & Changers,12134
13036,Home Audio Amplifiers,12134
13037,Home Audio Equalizers,12134
13033,Home Audio Receivers,12134
13038,Record Players,12134
13035,Tape Players,12134
12144,Radios & Radio Equipment,10873
13044,AM-FM Radios,12144
13045,DAB Radios,12144
13046,Satellite Radio Receivers & Players,12144
12138,Speakers,10873
12143,Televisions,10873
13042,HDTVs,12143
13041,LCD TVs,12143
13043,Plasma TVs,12143
12142,VCRs,10873
10877,Portable Media Devices,10167
13495,Digital Book Readers,10877
12165,MP3 Player Accessories,10877
12164,MP3 Players,10877
12167,Portable CD Players,10877
12163,Portable DVD Players,10877
12166,Portable Stereos & Boomboxes,10877
11318,Radar Detectors,10167
10876,Wireless Devices,10167
12160,Bluetooth Wireless Accessories & Devices,10876
12159,PDAs,10876
12162,Walkie-Talkies,10876
10020,Dining & Nightlife,
11870,"Dining & Nightlife Reviews, Guides & Listings",10020
12974,"Bar, Club & Nightlife Reviews, Guides & Listings",11870
12975,"Restaurant Reviews, Guides & Listings",11870
13439,"Nightclubs, Bars & Music Clubs",10020
10169,Restaurants,10020
13693,Bakeries,10169
10890,Dine-In Restaurants,10169
10891,Fast Food Restaurants,10169
12228,Pizzerias & Pizza Delivery,10169
10888,Restaurant Reservations & Booking,10169
10887,Restaurant Take-out & Delivery,10169
10002,Family & Community,
10030,"Baby, Parenting & Family",10002
10235,Baby,10030
10052,Baby Care & Hygiene,10235
11020,Baby Diapering & Toilet Training,10052
12296,Baby Wipes,11020
12298,Diaper Pails & Disposal Accessories,11020
12295,Diaper Rash,11020
12294,Diapers,11020
12299,Potties,11020
13134,Baby Shampoo & Lotion,10052
11022,Baby Feeding,10235
12312,Baby Bottles,11022
12307,Baby Feeding Pillows,11022
12317,Baby Food,11022
12314,Baby Formula,11022
12335,Breastfeeding,11022
12304,Breastfeeding Equipment & Supplies,12335
12309,Burp Cloths & Baby Bibs,11022
12308,Highchairs & Booster Seats,11022
12303,Pacifiers,11022
11018,Baby Gear,10235
12283,Baby Carriers,11018
12285,"Baby Swings, Baby Bouncers & Gliders",11018
12281,Baby Walkers,11018
12282,Diaper Bags,11018
12287,Play Pens,11018
12286,Play Tents,11018
12284,Play Yards & Accessories,11018
13712,Baby Names,10235
11023,Baby Safety,10235
12326,Baby Car Safety,11023
13133,Car Seats & Safety Boosters,12326
12321,Baby Monitors,11023
12323,Safety Gates,11023
12325,Shopping Cart Covers,11023
12322,Toddler Safety Harnesses,11023
11025,Nursery Furniture & Decor,10235
12329,Baby Bedding,11025
13143,Baby Blankets,12329
13336,Baby Co-Sleepers,11025
13255,Baby Dressers,11025
13259,Changing Tables,11025
13337,Cradles & Bassinets,11025
13338,Crib Mattresses,11025
13335,Cribs,11025
13334,Moses Baskets,11025
13137,Nursery Lamps,11025
13136,Nursery Mobiles,11025
13333,Toddler Beds & Bedding,11025
11021,Strollers & Stroller Accessories,10235
12302,Bike Trailer Strollers,11021
12301,Jogging Strollers,11021
12300,Prams & Baby Carriages,11021
10236,Parenting & Family,10030
11032,Adoption,10236
11031,Child Care,10236
12340,Au Pair & Nannies,11031
12339,Baby Sitting,11031
12341,Day Care,11031
12338,Special Needs Care,11031
11030,Kids' Camps & Youth Programs,10236
11028,Maternity & New Parent,10236
12334,Fetal Development,11028
10028,Community Service & Social Organizations,10002
10223,AIDS & HIV Support,10028
10224,Alcohol & Substance Abuse,10028
11003,Alcohol & Health,10224
12277,Alcoholism & Treatment,11003
12279,Blood Alcohol Monitors & Breathalyzers,11003
12278,Underage Drinking & Underage Alcohol Abuse,11003
11002,Drug & Alcohol Rehab Programs,10224
11001,Drug Abuse & Treatment,10224
12276,Home Drug Tests,11001
10229,Community Outreach,10028
11012,Child Welfare Services,10229
13737,Crime Prevention,10229
11010,Domestic Violence,10229
11013,Food Outreach & Food Banks,10229
11011,Homeless Outreach Programs,10229
11014,Literacy,10229
10222,Consumer Resources,10028
11087,Consumer Advocacy & Protection,10222
13813,Product Reviews & Price Comparisons,10222
10220,Disability Resources,10028
10219,Disaster Relief & Emergency Management,10028
11077,Environmentalism,10028
12358,Environmental Research,11077
10221,Ethnic Identity Resources,10028
10226,GLBT Resources,10028
13599,Multilateral & Non-Governmental Organizations,10028
10230,Nonprofit Services,10028
11015,Donations & Charitable Giving,10230
13393,Selective Service,10028
11063,Self-Defense Training,10028
13709,Senior Resources,10028
13392,Social Insurance Programs & Entitlements,10028
13390,Publicly Funded Health Programs,13392
13389,Welfare & Unemployment,13392
10227,Social Issues & Advocacy,10028
11009,Animal Rights Activism,10227
12375,Consumer Activism,10227
11008,Environmental Activism,10227
12359,Environmental Watchdogs,11008
11007,Human Rights Activism,10227
11004,Peace Activism,10227
11006,Reproductive Rights,10227
11005,Work & Labor Issues,10227
10225,Teen Advice & Support,10028
10218,Volunteer Opportunities,10028
10228,Youth Organizations & Resources,10028
10029,Domestic & Personal Resources,10002
10234,Personal Chefs,10029
10233,Personal Errand & Concierge Services,10029
10231,Faith & Belief,10002
13469,Astrology & Horoscopes,10231
13474,Buddhism,10231
13472,Christianity,10231
13475,Hinduism,10231
13473,Islam,10231
13476,Judaism,10231
13836,Meditation,10231
10127,Occult & Paranormal,10231
13470,Psychics & Fortune Telling,10127
13471,"Spells, Potions & Curses",10127
13481,Tarot,10127
13434,Places of Worship & Worship Services,10231
13807,Prayers,10231
13435,Religious Instruction,10231
13436,Religious Media & Publications,10231
13479,Scientology,10231
13703,Self-Help & Motivational,10231
13477,Wicca & Esoteric Religions,10231
10031,Romance & Relationships,10002
10240,Dating & Marriage Matching,10031
10239,Dating Directories & Sites,10240
10241,Dating Forums & Chat,10240
11035,GLBT Dating,10240
11036,International Dating,10240
13715,Personals,10240
10238,Divorce & Separation,10031
11033,Online Divorce,10238
10237,Relationship Advice,10031
10242,Troubled Relationships,10031
11037,Family Counseling,10242
11038,Marriage & Couples Counseling,10242
10012,Finance,
10100,ATM Sales & Processing,10012
11093,Accounting & Auditing,10012
12388,Billing Services,11093
12391,Bookkeeping,11093
12393,Cash Flow Management,11093
12392,Collection Services,11093
12389,Sarbanes-Oxley Compliance Management,11093
12387,Tax Preparation & Planning,11093
10093,Banking,10012
11817,Bank Accounts,10093
12947,Current Accounts & Checking Accounts,11817
12949,Savings Accounts,11817
13277,College Savings Plans,12949
13278,Money Market Accounts,12949
11811,Bill Payment Services,10093
11816,Debit & Check Cards,10093
11818,Fixed Deposit Accounts & Certificates,10093
11815,Mobile Banking,10093
11812,Offshore Banking,10093
11814,Online Banking,10093
11813,Private Banking,10093
12948,Student Banking,10093
10096,Business Finance,10012
13717,Investment Banking,10096
13720,Mergers & Acquisitions,10096
10098,Business News & Media,10012
10097,Credit & Lending,10012
11842,Credit Cards,10097
12967,Business Credit Cards,11842
12963,Low Interest & No Interest Credit Cards,11842
12965,Rewards Cards,11842
13303,Cashback Rewards Cards,12965
13304,Travel & Miles Rewards Cards,12965
13416,Student Credit Cards,11842
11837,Credit Counseling,10097
11838,Credit Reports & Reporting Services,10097
11839,Debt Management & Consolidation,10097
11836,Identity Theft & Credit Monitoring,10097
11841,Loans,10097
12957,Auto Financing,11841
13284,Auto Leasing,12957
13285,Auto Loans,12957
12953,Bad Credit & No Credit Credit & Lending,11841
12956,Commercial Lending,11841
13283,Commercial Mortgages,12956
13281,Farm Loans & Price Support,12956
12960,Home Loans & Mortgages,11841
13294,Adjustable Rate & Tracker Mortgages,12960
13292,Buy-To-Let Mortgages,12960
13295,First Time Buyer Mortgages,12960
13293,Fixed Rate Mortgages,12960
13291,Government Mortgages,12960
13296,Home Equity Loans & Lines of Credit,12960
13299,Home Refinancing Loans,12960
13289,Interest Only Mortgages,12960
13290,Reverse Mortgages,12960
13297,Subprime Mortgages,12960
12961,Personal Lending & Borrowing,11841
13300,Payday & Emergency Loans,12961
13301,Personal Loans & Lines of Credit,12961
13286,Title Loans,12961
12959,Purchase Financing,11841
13288,Computer & Consumer Electronics Financing,12959
13287,Home Appliance Financing,12959
11840,Unsecured Credit & Lending,11841
12955,Unsecured Loans,11840
10092,Financial Planning & Management,10012
10525,Inheritance & Estate Planning,10092
10524,Money Management,10092
10527,Retirement & Pension Planning,10092
10526,Wealth Management,10092
10099,"Grants, Scholarships & Financial Aid",10012
13437,Government Grants,10099
10536,Student Loans,10099
10535,Study Grants & Scholarships,10099
10102,Insurance,10012
10551,Accident & Casualty Insurance,10102
10538,Annuities,10102
10303,Business & Commercial Insurance,10102
11366,Professional Liability & Malpractice Insurance,10303
11365,Worker's Compensation Insurance,10303
10549,Credit Insurance,10102
10541,Disability Insurance,10102
10548,Disaster Insurance,10102
10544,Health Insurance,10102
11846,Dental Insurance,10544
11843,Long-term Care Insurance,10544
11844,Supplemental Health Insurance,10544
11845,Vision Insurance,10544
10540,Home Warranties,10102
10545,Liability Insurance,10102
11848,Personal Liability Insurance,10545
10539,Life Insurance,10102
10542,Pet Insurance,10102
10547,Property Insurance,10102
11849,Homeowners Insurance,10547
12969,Building Insurance,11849
12968,Contents Insurance,11849
11850,Renters Insurance,10547
12394,Risk Management,10102
10546,Travel Insurance,10102
10550,Vehicle Insurance,10102
11854,Car Insurance,10550
11855,Commercial Vehicle Insurance,10550
11858,Motorcycle Insurance,10550
11856,Recreational Boat & Watercraft Insurance,10550
11857,Recreational Vehicle & Caravan Insurance,10550
11853,Van Insurance,10550
10095,Investing,10012
11819,Brokerages & Day Trading,10095
11832,Commodities & Futures Trading,10095
11831,Currencies & Foreign Exchange,10095
11823,Derivatives,10095
11826,Exchange Traded Funds,10095
11835,Hedge Funds,10095
11833,Interest Free & Tax-Deferred Savings Accounts,10095
11820,Investor Relations & Venture Capital,10095
11828,Mutual Funds,10095
11834,Precious Metals Trading,10095
10531,Real Estate Investments,10095
11824,Retirement Investments,10095
12950,401(K)s,11824
12952,IRAs,11824
12951,Pensions,11824
11827,Securities,10095
11830,Bonds,11827
13459,Stocks,11827
11825,Spread Betting,10095
10094,Money Transfer & Wire Services,10012
10010,Food & Groceries,
10083,Beverages,10010
10445,Alcoholic Beverages,10083
11651,Beer,10445
11650,Liquor,10445
11649,Wine,10445
10444,Non-Alcoholic Beverages,10083
11646,Alcohol Free Drink Mixers,10444
13748,Bottled Water & Water Delivery,10444
11644,Coffee,10444
11647,Energy Drinks,10444
11643,Juice,10444
11642,Soft Drinks,10444
11648,Sports Drinks,10444
11645,Tea,10444
10082,Food,10010
10432,Baked Goods,10082
11610,Brownies,10432
11607,Cakes & Cupcakes,10432
13247,Birthday Cakes,11607
13837,Wedding Cakes,11607
11609,Cookies,10432
11608,Pies,10432
12831,Savory Pies,11608
12830,Sweet Pies,11608
10434,Baking Ingredients,10082
11615,Baking Chocolate & Cocoa,10434
11616,Baking Mixes,10434
11614,Syrups & Sweeteners,10434
12837,Sugar Substitutes,11614
10439,Breakfast Foods,10082
11629,Breakfast Cereals,10439
11628,"Pancake, Waffle & Muffin Mixes",10439
10438,"Candy, Gum & Mints",10082
13846,Chocolate,10438
10430,Condiments & Dressings,10082
10433,Cooking Oils & Spray,10082
11612,Olive Oil,10433
11611,Vegetable Oils,10433
10440,Dairy & Non-Dairy Alternatives,10082
11632,Cheese,10440
11631,Milk,10440
11633,Non-Dairy Alternatives,10440
11630,Yogurt,10440
10436,Desserts,10082
11623,"Frozen Desserts, Frozen Novelties & Accompaniments",10436
10443,Fish & Seafood,10082
11639,Crab & Lobster,10443
11641,Salmon,10443
11640,Shrimp & Prawns,10443
13758,Gourmet & Specialty Foods,10082
10426,"Grains, Pasta & Side Dishes",10082
11600,Pasta,10426
11613,Herbs & Spices,10082
12835,Black Pepper,11613
12833,Cinnamon,11613
12834,Oregano,11613
12832,Salt,11613
10427,"Jams, Jellies & Preserves",10082
10437,Meat & Poultry,10082
11624,Beef,10437
11625,Deli & Lunch Meats,10437
12839,Cured Meats,11625
12840,Pre-Packaged Deli Meats,11625
12838,Sausages,11625
11627,Game & Exotic Meat,10437
11626,Pork,10437
13747,Nut Butters,10082
13695,Organic & Natural Foods,10082
10429,Prepared Foods,10082
11604,Frozen Foods,10429
11605,Gourmet Prepared Foods,10429
10441,Produce,10082
11634,Fruit,10441
11635,Vegetables,10441
10431,Sauces,10082
11606,BBQ & Grilling Sauces,10431
10435,Snack Foods,10082
11617,Crackers,10435
11620,Dried Fruit,10435
11621,Nuts,10435
11618,Popcorn,10435
11622,Snack Chips,10435
11619,Trail Mix,10435
13843,"Soups, Stews & Beans",10082
10442,Special & Restricted Diet Foods,10082
12847,Diabetic Foods,10442
12844,Low Cholesterol Foods,10442
12846,Low-Sodium Foods,10442
11637,Religious Diet Foods,10442
12848,Kosher Foods & Resources,11637
12845,Wheat-free & Gluten-free Foods,10442
10428,Weight-Loss Foods & Nutrition Bars,10082
11603,Diet Bars,10428
11602,Meal Replacements,10428
11601,Nutrition Bars,10428
10081,Household Supplies,10010
10424,Charcoal & Barbecuing Supplies,10081
10422,Food Wraps & Food Storage,10081
11594,Food Savers & Food Storage Containers,10422
11592,Food Storage Bags,10422
13448,Lunch Boxes,10422
11593,Plastic Wrap & Foil,10422
10423,Household Cleaning Products,10081
11598,Air Fresheners & Deodorizers,10423
11596,Cleaning Implements,10423
11597,Dish Detergents,10423
11595,Fabric Care,10423
12829,Fabric Softeners & Dryer Sheets,11595
12827,Fabric Stain Removers,11595
12828,Laundry Detergents,11595
12470,Lint Removers,11595
13347,Household Bleach,10423
11599,Household Cleansers,10423
10421,Paper Towels & Household Paper Products,10081
11591,Facial Tissue,10421
11590,Toilet Tissue,10421
10425,Trash Bags,10081
10084,Online Grocery Shopping & Grocery Delivery,10010
10011,Health,
10088,Biotech & Pharmaceutical,10011
13369,Gene Research,10088
11791,DNA & Genetic Testing,13369
11049,Gene Therapy,13369
10500,Genome Sequencing,13369
10499,Pharmaceutical Manufacturing,10088
10501,Protein Identification & Proteomics,10088
11048,Toxicology Services,10088
10091,Health Care Services,10011
10510,Abortion Services,10091
10507,Alternative & Natural Medicine,10091
11779,Acupuncture,10507
11781,Chinese Herbal Medicine,10507
11780,Chiropractors & Chiropractic,10507
13722,Cleansing & Detoxification,10507
11668,Colon Cleansing,13722
11782,Naturopathy,10507
12106,Blood & Organ Donations & Transplants,10091
10514,Dentists & Dental Services,10091
11797,Cosmetic Dentistry,10514
11798,Emergency Dental Services,10514
11796,General Dentistry,10514
11795,Orthodontists & Orthodontic Services,10514
10513,General Health Care Services,10091
10517,Geriatric & Aging Care Services,10091
11804,Assisted Living Services,10517
11805,In-Home Aging Care Services,10517
11806,Retirement Homes & Senior Living Communities,10517
10521,Hospice & Home Nursing Care,10091
10520,Hospitals & Health Clinics,10091
13576,Hospitals,10520
11809,Urgent Care Clinic Services,10520
11046,Immunology Services,10091
10509,Laboratory Testing & Medical Diagnostic Services,10091
11788,AIDS & HIV Testing Services,10509
11786,Blood Testing Services,10509
11785,Cancer Diagnosis & Screening,10509
12944,Breast Cancer Screening & Diagnosis,11785
12943,Prostate Cancer Screening & Diagnosis,11785
11789,Hepatitis Testing & Diagnosis,10509
11787,STD Testing,10509
10516,Medical Skin Care Services,10091
11801,Acne Treatment,10516
11802,Rosacea Treatment,10516
10518,Mental Health Services,10091
11808,Counseling Services,10518
11807,Mental Health In-Patient Services,10518
13822,Suicide Prevention,10518
10519,Orthopedics & Sports Medicine,10091
10511,Physical Rehabilitation,10091
11794,Occupational Therapy,10511
11792,Physical Therapy,10511
10508,Plastic Surgery,10091
11783,Cosmetic & Aesthetic Plastic Surgery,10508
12942,Breast Enhancements,11783
12937,Brow Lifts,11783
12940,Eyelid Surgery,11783
12938,Face Lifts & Appearance Enhancement,11783
12941,Liposuction & Abdominoplasty,11783
12936,Rhinoplasty,11783
11784,Reconstructive Surgery,10508
13452,Sex Reassignment Therapy,10091
10515,Vision Services,10091
11800,Eye Exams & Optometry,10515
11799,Laser Vision Correction,10515
11793,Wellness Therapy & Massage,10091
12945,Hydrotherapy Services,11793
12946,Massage & Relaxation Services,11793
10512,Women's Health Care Services,10091
10085,Health Conditions & Concerns,10011
10476,AIDS & HIV,10085
11725,AIDS & HIV Medications,10476
11724,AIDS & HIV Testing,10476
10446,Allergy & Sinus,10085
12849,Air Cleaners & Filters,10446
12850,Allergy Medications,10446
13265,Corticosteroids,12850
13266,Injectable Epinephrine,12850
13267,Seasonal Allergy & Sinus Medication,12850
13339,Antihistamines,13267
13340,Decongestants,13267
11653,Food Allergies,10446
12851,Nasal Strips,10446
11652,Pet Allergies,10446
11654,Seasonal Allergies,10446
10459,Anemia,10085
10479,Arthritis,10085
11735,Arthritis Medications & Treatments,10479
11733,Osteoarthritis,10479
12896,Osteoarthritis Medications,11733
11734,Rheumatoid Arthritis,10479
12897,Rheumatoid Arthritis Medications,11734
13358,Bleeding Disorders,10085
10483,Blood Sugar & Diabetes,10085
11741,Diabetes Management,10483
12900,Glucose Meters & Test Strips,11741
10464,Cancer & Cancer Treatment,10085
11692,Breast Cancer,10464
12879,Breast Cancer Treatment,11692
11688,Cancer Awareness,10464
11683,Cancer Medications,10464
12877,Biological Therapies,11683
12876,Chemotherapy Medications,11683
11689,Cancer Research,10464
11691,Cancer Survival,10464
11684,Cancer Treatment,10464
11681,Cervical Cancer,10464
11694,Chemotherapy Anemia,10464
11682,Colon & Colorectal Cancer,10464
11685,Leukemia,10464
11690,Lung Cancer,10464
11680,Lymphoma,10464
11693,Melanoma,10464
11686,Ovarian Cancer,10464
11687,Prostate Cancer,10464
12878,Prostate Cancer Treatment,11687
10452,Cold Sores,10085
11661,Cold Sore Medications,10452
10451,Cystic Fibrosis,10085
10487,Dental Health,10085
11747,Orthodontia & Orthodontic Braces,10487
10456,Digestive Health & Disorders,10085
11666,Dyspepsia,10456
12861,GERD & Heartburn,11666
12858,"Heartburn, Indigestion & GERD Medications",11666
12859,Indigestion,11666
11667,Inflammatory Bowel Disease,10456
12862,Colitis,11667
12863,Crohn's Disease,11667
10472,"Ear, Nose & Throat",10085
10481,Hearing Loss,10472
11739,Hearing Assistance Products,10481
12899,Amplified Telephones & Accessories,11739
12898,Hearing Aids & Accessories,11739
11740,Hearing Tests,10481
13364,Motion Sickness & Balance Disorders,10472
10449,Eating Disorders,10085
11658,Anorexia,10449
11659,Bulimia,10449
10471,Epilepsy,10085
11709,Antiepileptic Medications,10471
10485,Foot Health,10085
11743,Arch Supports & Orthoses,10485
11742,Foot Anti-Fungal Remedies,10485
13362,Genetic Disorders,10085
10465,Geriatrics & Aging,10085
11695,Alzheimer's Disease,10465
12880,Alzheimer Medications,11695
11803,Alzheimer's Care & Treatment,11695
10486,Headache & Pain Management,10085
11744,Analgesics,10486
12905,Acetaminophen,11744
12935,Headache & Migraine Medications,11744
13273,Headache Medications,12935
13272,Migraine Medications,12935
12904,Ibuprofen & Anti-Inflammatory Medications,11744
12903,Muscle Relaxants,11744
12902,Narcotic Analgesics,11744
11745,Fibromyalgia,10486
11746,Headaches & Migraines,10486
12907,Headaches,11746
13271,Headache Medication,12907
12906,Migraines,11746
10475,Heart Health,10085
11720,Coronary Artery Disease & Heart Attacks,10475
11723,Heart Devices & Accessories,10475
11719,High Blood Pressure,10475
12893,Blood Pressure Medications,11719
11721,High Cholesterol,10475
12894,Cholesterol Medications,11721
11722,Peripheral Artery Disease & Peripheral Vascular Disease (PAD & PVD),10475
10466,Hemorrhoids,10085
10467,Hepatitis,10085
11697,Hepatitis A,10467
11696,Hepatitis B,10467
11699,Hepatitis C,10467
11698,Hepatitis Medications,10467
10468,Infectious Diseases & Viruses,10085
10455,Cold & Flu,10468
11665,Cold & Flu Medicines,10455
12854,Cold & Congestion Nasal Sprays & Gels,11665
12857,Cough & Cold Medicines,11665
12856,Flu Medications,11665
12855,Sore Throat Remedies,11665
11663,Colds,10455
13879,Influenza,10455
12853,Flu Vaccines,13879
11700,Vaccines & Immunizations,10468
10490,Viral Infections,10468
10461,Injury & Wound Care,10085
10478,Insomnia & Sleep Disorders,10085
11731,Hypersomnia,10478
12895,Excessive Daytime Sleepiness (EDS),11731
11729,Insomnia,10478
11728,Narcolepsy,10478
11730,Sleep Medications,10478
11732,Snore Relief,10478
10469,Learning & Developmental Disabilities,10085
11702,ADD & ADHD,10469
12881,ADD & ADHD Medications,11702
11701,Autism,10469
10482,Lupus,10085
10480,Men's Health,10085
11737,Benign Prostatic Hyperplasia (BPH),10480
11736,Erectile Dysfunction,10480
11738,Vasectomy,10480
10488,Mental Health,10085
11748,Anxiety & Stress,10488
13819,Obsessive-Compulsive Disorder,11748
11749,Bipolar Disorder,10488
11751,Depression,10488
11750,Mental Health Medications,10488
12908,Anxiety-Relief Medications,11750
12909,Depression Medications,11750
10484,Musculoskeletal Conditions,10085
11707,Osteoporosis,10484
10474,Neurological Conditions,10085
10489,Movement Disorders,10474
11752,Parkinson,10489
11753,Restless Leg Syndrome,10489
13361,Multiple Sclerosis,10474
13360,Stroke,10474
11718,Stroke Medications,13360
11717,Stroke Rehab & Treatment,13360
10450,Obesity,10085
11660,Obesity Surgery,10450
11026,Pediatrics & Children's Health,10085
12332,Baby Health,11026
13808,Teething,12332
12330,Childhood Vaccines,11026
12331,Children's Health Care,11026
10448,Respiratory Conditions,10085
11656,Asthma,10448
12852,Asthma Medicines & Care Products,11656
11657,Chronic Obstructive Pulmonary Disease (COPD),10448
10462,Sexual & Reproductive Health,10085
11674,Family Planning,10462
12874,Contraception,11674
13270,Condoms,12874
12933,Contraceptive Drugs,12874
13269,Emergency Contraception,12933
13268,Hormonal Contraceptives,12933
12875,Fertility & Conception,11674
12915,Fertility Monitors & Ovulation Calculators,12875
11790,Pregnancy Tests & Testing Services,11674
11673,Personal Lubricants,10462
13749,Sex Education & Counseling,10462
13721,Sexual Enhancements,10462
11672,Sexually Transmitted Diseases (STDs),10462
12869,Genital Herpes,11672
12873,Genital Warts,11672
12870,Human Papillomavirus (HPV),11672
12872,STD Medications & Treatments,11672
10473,Skin Conditions & Skin Health,10085
11710,Acne,10473
12886,Acne Medications,11710
12885,Blemish Control,11710
11711,Eczema,10473
12887,Eczema Medications & Creams,11711
11713,Psoriasis,10473
13818,Psoriasis Medications & Treatments,11713
11714,Rashes & Itches,10473
12890,Anti-Itch & Rash Medications,11714
11715,Rosacea,10473
12934,Skin Condition Medications,10473
11716,Skin Fungus,10473
12892,Skin Fungus Medications,11716
11712,Sunburn,10473
12888,Sunscreen,11712
10454,Warts,10473
11662,Wart Removers,10454
10453,Smoking & Smoking Cessation,10085
13745,Thyroid Conditions,10085
10458,Trauma & Stress Disorder,10085
10463,Urinary & Bladder Health,10085
11675,Bladder Cancer,10463
11676,Incontinence,10463
11679,Interstitial Cystitis,10463
11677,Overactive Bladder,10463
11678,Urinary Tract Infections,10463
10460,Vision,10085
11671,Cataracts,10460
12867,Contact Lenses & Accessories,10460
12866,Eyeglass Frames,10460
12868,Prescription Lenses,10460
11670,Vision Care Products,10460
10457,Weight Loss,10085
11669,Weight Loss Products,10457
12864,Weight Loss Drugs & Medications,11669
12865,Weight Loss Supplements,11669
10470,Women's Health & OBGYN,10085
11704,Menopause,10470
12882,Hormone Replacement Therapy,11704
11705,PMS,10470
12883,PMS Relief Medications,11705
11703,Uterine Fibroids & Heavy Periods,10470
11706,Yeast Infections,10470
12884,Yeast Infection Remedies,11706
10087,"Medical Devices, Equipment & Supplies",10011
11765,Bathroom Safety Equipment,10087
13167,Defibrillators,10087
12488,Exam Tables & Surgery Tables,10087
10493,First Aid Supplies,10087
11759,Antibiotic & Antiseptic Medications,10493
11758,Bandages,10493
11757,First Aid Kits,10493
11756,Hot & Cold Pads & Packs,10493
11766,"Hospital Beds, Stretchers & Accessories",10087
13169,Infusion Pumps,10087
11767,Medical Compression Garments & Stockings,10087
12494,Medical Diagnostic Equipment & Monitoring Devices,10087
12917,Blood Pressure Monitors & Accessories,12494
13184,Body Temperature Thermometers,12494
12919,Body Weight Scales,12494
13176,Bone Densitometers,12494
13168,CT Scanners,12494
13166,EKG Machines,12494
13172,Fetal Monitors,12494
13171,MRI Machines,12494
12493,Medical Alarms,12494
11770,Personal Health Monitors,12494
12922,Body Fat Monitors,11770
12920,Cholesterol Monitors & Accessories,11770
12921,Heart Rate Monitors,11770
12916,Pedometers,11770
13182,Stethoscopes,12494
13175,Stress Test Devices,12494
13173,Ultrasound Devices,12494
13165,Vital Sign Monitors,12494
13170,X-Ray Machines,12494
12492,Medical Equipment Parts & Accessories,10087
10495,"Medical Needles, Syringes & Injection Supplies",10087
12912,Insulin Syringes,10495
12491,Medical Scrubs,10087
10496,Medication Accessories,10087
10494,Mobility Equipment & Accessories,10087
11763,Canes,10494
11761,Crutches & Crutch Accessories,10494
11760,Personal Travel Scooters & Accessories,10494
11762,Walkers & Rollators,10494
11236,Wheelchairs & Wheelchair Accessories,10494
12479,Motorized Wheelchairs,11236
12480,Wheelchair Lifts & Ramps,11236
12481,Ophthalmological Instruments,10087
11771,Orthopedic Braces & Supports,10087
12487,Patient Gowns & Garments,10087
11234,Professional Dental Equipment & Supplies,10087
11769,Prosthetics & Artificial Limbs,10087
11768,Reachers & Grabbers,10087
12490,Surgical Instruments,10087
13181,Forceps,12490
13178,Medical Clamps,12490
13177,Scalpels & Operating Knives,12490
13179,Speculae,12490
12495,Utility Medical Equipment,10087
10086,Nutrition & Dieting,10011
10491,Diets & Diet Programs,10086
11755,Health-Related Restricted Diets,10491
12911,Low Cholesterol Diets,11755
12910,Low Sodium Diets,11755
11754,Weight Loss Diets & Diet Programs,10491
10492,Nutrition Counseling,10086
10089,Pharmacy,10011
11773,Drugs & Medications,10089
11772,Vitamins & Supplements,10089
12927,Amino Acid Supplements,11772
12931,Calcium,11772
12928,Essential Fatty Acid & Omega-3s,11772
12924,Glucosamine & Chondroitin,11772
12929,Iron Supplements,11772
12930,Medicinal Herbs & Herbal Supplements,11772
12926,Multi-Vitamins,11772
12923,Prenatal Pills & Vitamins,11772
12925,Protein Supplements,11772
10118,Sports Nutrition Supplements,11772
13707,Super Food Supplements,11772
10090,Professional Medical Resources,10011
10504,Medical Research,10090
11775,Clinical Trials,10504
11774,Stem Cell Research,10504
10505,Professional Health Care Education,10090
11778,Allopathic Medicine Education,10505
11776,Non-Western & Complementary Health Education,10505
10015,Hobbies & Leisure,
10133,Ancestry & Genealogy,10015
10135,Antiques & Collectibles,10015
11526,Antique & Art Refinishing & Restoration,10135
12008,Antique & Collectible Auctions,10135
13820,Antique & Collectible Stamps,10135
12007,Antique Appraisals,10135
10738,Antique Books & Manuscripts,10135
10725,Antique Ceramics & Pottery,10135
10702,Antique Clocks & Watches,10135
11998,Antique Clocks,10702
11999,Antique Watches,10702
10730,Antique Coins & Collectible Money,10135
10739,Antique Glassware & Art Glass,10135
10727,Antique Lamps & Lighting,10135
10708,Antique Maps & Geographical Artifacts,10135
10716,Antique Rugs & Carpets,10135
10719,Asian Antiques,10135
10734,Collectible Autographs,10135
10722,Collectible Bric-A-Brac,10135
10724,Collectible Hardware & Tools,10135
10712,Collectible Metal Ware,10135
12000,Antique Silver,10712
10718,Collectible Pins,10135
10733,Collectible Postcards,10135
10714,"Collectible Telephones, Typewriters & Electronics",10135
10706,Collectible Textiles & Linen,10135
10720,Collectible Toys & Games,10135
10705,European Antiques,10135
10736,Fantasy & Magical Collectibles,10135
10699,Figurines,10135
13698,Flea Markets & Swap Meets,10135
10703,Folk Art & Ethnographic Antiques,10135
10704,Game Room Collectibles,10135
10715,Garden Antiques,10135
10728,Holiday & Seasonal Collectibles,10135
10701,Memorabilia,10135
11995,Movie & TV Show Memorabilia,10701
11997,Music Art & Memorabilia,10701
11996,Sports Memorabilia,10701
10717,Militaria,10135
10713,"Rocks, Minerals & Fossils",10135
13825,"Swords, Knives & Daggers",10135
10729,Trading Cards,10135
12004,Adventure Trading Cards,10729
12005,Automotive Trading Cards,10729
12003,Sports Trading Cards,10729
10711,Vintage & Antique Buttons,10135
10737,Vintage & Antique Transportation,10135
12009,Classic Cars,10737
10707,Vintage Advertising & Media,10135
10131,Arts & Crafts,10015
11983,Beading & Beadwork,10131
10900,Charms & Beads,11983
11984,Ceramic & Glass Equipment & Supplies,10131
11987,Fiber Craft,10131
13018,Fabric,11987
13017,Knitting,11987
11306,Yarns,13017
13373,Sewing Machines,11987
11302,Threads,11987
13865,Paper Crafts,10131
11986,Scrapbooking,10131
13569,Astronomy,10015
13796,Name A Star,13569
10134,Birding,10015
11994,Wild Bird Supplies,10134
10113,Camping & Outdoor Recreation,10015
11889,Backpacking & Camping Food,10113
11312,Binoculars,10113
11888,Camp Cooking Equipment,10113
10615,Climbing,10113
11892,Carabiners,10615
11891,Climbing Ropes & Cords,10615
10612,Flashlights & Lanterns,10113
10616,Hiking,10113
11894,Hiking Boots,10616
13428,Multi-tools & Pocket Knives,10113
11890,Outdoor Sleeping Gear,10113
12976,Portable Beds,11890
12978,Sleeping Bags,11890
12977,Sleeping Mats & Pads,11890
10614,Portable Ice Chests & Picnic Coolers,10113
11887,Tents,10113
13752,"Water Containers, Bottles & Hydration Packs",10113
13754,Hydration Packs & Personal Water Reservoirs,13752
13753,Reusable Water Bottles,13752
10128,Cooking,10015
11559,Cooking Media & Publications,10128
10889,Cuisines,10128
13792,Asian Cuisine,10889
12226,Chinese Cuisine,13792
12227,Japanese Cuisine,13792
13790,French Cuisine,10889
12230,Indian Cuisine,10889
13805,Latin American Cuisine,10889
12225,Mexican Cuisine,13805
13791,Mediterranean Cuisine,10889
12229,Italian Cuisine,13791
13788,Spanish Cuisine,13791
13735,Raw Foods & Raw Foodism,10889
13652,Vegetarian Cuisine,10889
11638,Vegetarian & Vegan Foods,13652
10679,Recipes,10128
13456,Dessert Recipes,10679
13011,Diabetic & Low Sugar Recipes,10679
11958,Meat & Seafood Recipes,10679
13009,Chicken & Poultry Recipes,11958
13455,Vegetarian Recipes,10679
11957,Weight Loss & Reduced Calorie Diet Recipes,10679
13658,Gardening,10015
12776,Garden Fountains & Water Features,13658
11542,Garden Ornaments & Statuary,13658
12777,Garden Structures,13658
13249,Garden Sheds,12777
13248,Greenhouses & Conservatories,12777
11544,Gardening Books & Publications,13658
13374,"Trees, Plants & Shrubs",13658
11545,Yard & Garden Accessories,13658
10130,Pets & Animals,10015
11982,Animal Adoption & Rescue,10130
13015,Dog Walking,10130
11981,Pet & Animal Training,10130
11980,Pet Breeding,10130
10683,Pet Food & Supplies,10130
11965,Flea & Tick Control Products,10683
11968,Pet Carriers,10683
11961,Pet Dishes & Feeders,10683
11963,Pet Food & Treats,10683
11966,"Pet Habitats, Perches & Beds",10683
11967,Pet Leashes & Collars,10683
11962,Pet Litter & Supplies,10683
11964,Pet Medications,10683
11960,Pet Toys,10683
11977,Pet Grooming,10130
11978,"Pet Sitting, Pet Boarding & Pet Day Care",10130
10684,Pets By Breed,10130
11970,Birds,10684
11973,Cats,10684
11969,Dogs,10684
13013,Large Dogs,11969
13014,Small Dogs,11969
11972,Exotic Pets,10684
11974,Fish & Aquaria,10684
11975,Horses,10684
11971,Rabbits & Rodents,10684
11976,Reptiles & Amphibians,10684
11979,Veterinary,10130
13878,Wildlife,10130
10132,Photo & Video,10015
10691,Digital Cameras,10132
11989,SLR Cameras,10691
10694,Film Cameras,10132
10693,Photo & Video Accessories,10132
11991,Camera Bags,10693
11993,Camera Batteries,10693
11992,Video Camera & Camcorder Batteries,10693
10689,Photo & Video Publications,10132
13802,Photo Printing,10132
13596,Photographic & Digital Arts,10132
12011,Photography & Videography Classes,10132
10692,Video Cameras & Camcorders,10132
13405,Prizes & Competitions,10015
13681,"Contests, Pageants & Merit Prizes",13405
13682,Beauty Pageants,13681
13685,Cooking & Recipe Contests,13681
13683,Photo Contests,13681
13680,"Sweepstakes, Product Promotions & Giveaways",13405
10136,Recreational Activity Education,10015
10740,Recreational Activity Lessons & Classes,10136
12010,Fiber Craft Classes,10740
10129,Scale Models & Model Building,10015
10125,Toys & Games,10015
10672,Games,10125
11949,Arcade & Coin-Op Games,10672
11948,Board Games,10672
11943,Card Games,10672
12998,Collectible Card Games,11943
13794,Children's Games & Activities,10672
11952,Game Cheats & Hints,10672
11942,Online Games & Puzzles,10672
12997,Massive Multiplayer Online Games,11942
13798,Party Games,10672
11944,Puzzles & Brainteasers,10672
11945,Roleplaying Games,10672
11946,Strategy Games,10672
11947,Table Games,10672
12999,Pool & Billiards,11947
11950,"Video Games, Consoles & Accessories",10672
13377,Computer & Video Games,11950
13863,Action & Platform Games,13377
13584,Adventure Games,13377
13585,Casual Games,13377
13586,Driving & Racing Games,13377
13834,Family & Children's Games,13377
13587,Fighting Games,13377
13694,Free-To-Play Games,13377
13588,Music & Dance Games,13377
13589,Shooter Games,13377
13590,Simulation Games,13377
13591,Sports Games,13377
13000,Power Leveling & Gold Farming,11950
13376,Video Game Consoles,11950
13382,Handheld Game Consoles,13376
13383,Nintendo,13376
13384,Sony PlayStation,13376
13385,Xbox,13376
13003,Video Game Downloads,11950
13457,Video Game Mods & Console Repair,11950
13004,Video Game Retailers,11950
13592,Video Game Reviews & Ratings,11950
13593,Video Game Subscriptions,11950
10671,Toys,10125
11941,Action Figures,10671
11934,Baby Toys,10671
12991,Baby Activity Gyms,11934
12993,Baby Blocks,11934
12994,Baby Rattles,11934
12992,Developmental Toys,11934
12989,Teethers,11934
12990,Tub Toys,11934
11929,Building Toys,10671
11937,"Children's Dolls, Dress-Up Toys & Costumes",10671
11931,Dolls & Accessories,11937
13488,Online Doll Dress-Up & Girl Games,11937
13812,Die-cast & Toy Vehicles,10671
11940,Educational Toys,10671
11938,Music Toys,10671
11933,Outdoor Toys,10671
12988,Kiddie Pools,11933
11539,Outdoor Playsets & Swingsets,11933
11939,Radio Controlled Toys & Accessories,10671
11936,Ride-On Toys,10671
12995,Ride-On Toy Vehicles,11936
11930,Sports Toys,10671
11932,Stuffed Toys,10671
11953,Toy Recalls,10671
10126,Wine & Beer Collecting & Brewing,10015
10675,Home Brewing & Wine Making,10126
10674,Wine Collecting,10126
13007,Wine Auctions,10674
13008,Wine Clubs,10674
10009,Home & Garden,
10415,Bathroom,10009
11579,Bath Mats & Rugs,10415
11580,Bathroom Accessories,10415
11575,Bathroom Towels,10415
13363,Medicine Cabinets,10415
11578,Shower Curtains & Accessories,10415
11576,Toilet Accessories,10415
11577,Towel Bars & Hooks,10415
11589,Bedding & Linens,10009
12825,Blankets & Bedspreads,11589
12823,Duvet Covers & Duvets,11589
12824,Pillows,11589
13447,Quilts,11589
12826,Sheets & Pillowcases,11589
13650,Doorbells & Door Knockers,10009
10414,Home & Garden Media & Publications,10009
10412,Home Appliances,10009
11565,Floor Cleaners & Accessories,10412
12796,Hard-Floor Cleaners & Accessories,11565
12797,Vacuum Cleaners & Accessories,11565
11527,Home Appliance Service & Repair,10412
11564,Laundry Room Appliances,10412
12794,Clothes Irons & Garment Steamers,11564
12795,Washers & Dryers,11564
11567,Major Kitchen Appliances,10412
12804,Dishwashers,11567
12807,Kitchen Hoods & Vents,11567
12806,Microwaves,11567
12808,"Ranges, Cooktops & Ovens",11567
12805,Refrigerators & Freezers,11567
13254,Kegerators & Beer Coolers,12805
10405,Home Decor & Interior Decorating,10009
11536,Art Glass,10405
11533,Candles & Incense,10405
11529,"Ceramics, Porcelain & Vases",10405
11531,Clocks,10405
11530,Decorative Fountains,10405
11535,Decorative Throws & Pillows,10405
11532,Flower Pots & Planters,10405
11534,Mirrors,10405
13673,Picture Frames,10405
10409,Residential Ceiling Fans,10405
11528,Wall Paper,10405
10416,Window Treatments,10405
11582,"Blinds, Shades & Shutters",10416
11581,Curtain Rods & Hardware,10416
11583,Curtains,10416
10413,Home Furniture,10009
11573,Antique Furniture,10413
11570,Bathroom Furniture,10413
11571,Bedroom Furniture,10413
12812,Beds & Headboards,11571
13260,Mattresses,12812
13261,Waterbeds & Accessories,12812
12813,Clothing & Shoe Storage,11571
13263,Dressers,12813
12782,Shoe Racks & Storage,12813
13262,Wardrobes & Armoires,12813
10402,"Furniture Refinishing, Repair & Reupholstery",10413
11572,Home Office Furniture,10413
11568,Kitchen & Dining Room Furniture,10413
13407,Folding Tables & Chairs,11568
12810,Kitchen & Dining Room Chairs,11568
12809,Kitchen & Dining Room Tables,11568
11574,Living Room Furniture,10413
12819,Coffee Tables & End Tables,11574
12817,Entertainment & Media Centers,11574
12818,Sofas & Chairs,11574
13256,Rocking Chairs,12818
11569,Playroom & Children's Furniture,10413
10418,Home Heating & Cooling,10009
11585,Desk Fans & Stand Fans,10418
13708,"Fireplaces, Wood Stoves & Pellet Stoves",10418
11586,Thermostats,10418
10404,Home Improvement & Maintenance,10009
10417,Home Laundry,10009
11584,Ironing Boards & Ironing Centers,10417
10411,Home Safety & Security,10009
11563,Fire Extinguishers,10411
11562,In-Home Hazard Detectors,10411
12793,Carbon Monoxide Detectors,11562
12792,Smoke Detectors,11562
11561,Lockboxes & Hide-A-Keys,10411
10408,Home Storage & Organization,10009
11547,Closet Organizing Components & Systems,10408
12780,Clothes Storage Boxes,11547
11550,Laundry Storage & Organization,10408
11549,Wine Racks & Storage Systems,10408
12783,Wine Coolers & Refrigerators,11549
11282,Kitchen & Bathroom Cabinets,10009
10410,Kitchen & Dining,10009
11557,Bakeware,10410
11551,Canning & Preserving,10410
13387,Cookie Jars & Bread Boxes,10410
11556,Cookware & Cookware Sets,10410
12786,Ceramic Baking Dishes,11556
12784,Grills & Griddles,11556
12785,Pots & Pans,11556
13679,Cast Iron Pans,12785
13678,Non-Stick Pans,12785
13252,Soup & Stock Pots,12785
11560,Cutlery & Cutting Accessories,10410
12791,Cutting Boards,11560
12790,Kitchen Knives,11560
13370,Kitchen Accessories,10410
11553,Cooking Aprons,13370
12789,Oven Mitts & Trivets,13370
11558,Kitchen Linens,10410
12788,Dishtowels & Dish Cloths,11558
12787,Tablecloths & Napkins,11558
13386,Kitchen Storage,10410
11548,Pot Racks,13386
11555,Kitchen Utensils & Gadgets,10410
11552,Plates & Serving Dishes,10410
11554,Silverware,10410
11566,Small Kitchen Appliances,10410
13641,Blenders,11566
12801,Bread Makers,11566
12803,Coffee & Espresso Makers,11566
12799,Food Processors,11566
12802,Mixers,11566
13829,Rice Cookers,11566
12798,Toasters & Toaster Ovens,11566
12800,Waffle Irons,11566
10419,Lights & Lighting,10009
11587,Lamps & Lamp Shades,10419
12821,Lamp Shades,11587
12820,Lamps,11587
13264,Floor Lamps,12820
11588,Light Bulbs,10419
12822,Energy Efficient Light Bulbs,11588
13139,Night Lights,10419
10399,Residential Cleaning,10009
11523,House Cleaning Services,10399
11524,Rug & Carpet Cleaning,10399
11522,Upholstery Cleaning,10399
11525,Window Covering Cleaning,10399
10400,Watch & Clock Repair,10009
10407,Water Filters,10009
10406,"Yard, Garden & Patio",10009
11537,Fencing,10406
13408,Mailboxes,10406
11541,Outdoor Cooking Equipment & Accessories,10406
12775,BBQs & Grills,11541
13250,Pest & Weed Control,10406
11546,Retaining Walls,10406
11538,Swimming Pools & Spas,10406
11543,Yard & Garden Equipment & Supplies,10406
12588,Lawn Mowers & Grass Cutting Equipment,11543
12778,Leaf Blowers & Lawn Vacuums,11543
11540,Yard & Patio Furniture & Accessories,10406
12774,Picnic Tables & Benches,11540
10007,Internet & Telecom,
13420,Cable Services,10007
12766,Cable TV,13420
11509,Calling Cards,10007
13418,Internet,10007
11494,Blogging Resources & Services,13418
13821,Blogging Layouts & Templates,11494
12757,RSS Feeds & Aggregators,11494
11495,Directories & Listings,13418
13449,Phone & Address Directories,11495
13768,Domain Names & Domain Name Registration,13418
13094,Email & Messaging,13418
13598,Contact Management,13094
11502,File Sharing & Hosting,13418
10594,Music Sharing,11502
12759,Peer-to-Peer File Sharing,11502
12760,Single Host File Sharing,11502
11499,Forum & Chat Services,13418
11491,Internet Service Plans,13418
12756,Cable Internet,11491
12755,DSL & Fiber Optic Internet Service Plans,11491
13769,Mobile Broadband,11491
12754,Satellite Internet,11491
13088,Network Security,13418
11503,Online Auctioning Services,13418
11500,Online Maps,13418
11492,Online Photo & Video Sharing,13418
13872,Photo & Image Sharing,11492
13873,Video Sharing,11492
11498,Search Engines,13418
13710,People Search,11498
11496,Social Networks & Online Communities,13418
13859,Mobile Social Networks,11496
13800,Online Swap Communities,11496
13577,Virtual Worlds,11496
11493,Web Design & Development,13418
11504,Web Hosting,13418
13725,Web Portals,13418
13421,Satellite Services,10007
12767,Satellite TV,13421
11507,Teleconferencing,10007
13662,Telegrams,10007
10878,Telephony,10007
12169,Answering Machines,10878
12171,Landline Phones & Accessories,10878
12129,Landline Phone Accessories,12171
13381,Mobile Phones & Accessories,10878
13378,Mobile Apps & Add-Ons,13381
13380,Mobile Phone Games,13378
13379,Ringtones & Ringtone Makers,13378
12133,Mobile Phone Accessories,13381
13032,Headsets,12133
13031,Phone & SIM Cards,12133
12161,Mobile Phones,13381
13055,Camera Phones,12161
13054,Smart Phones,12161
13419,Phone Plans,10878
11510,Landline Phone Plans,13419
12762,Long Distance Calling Plans,11510
11511,Mobile Phone Plans,13419
12765,Mobile Phone Service Add-Ons,11511
13759,Text Messaging,12765
12764,Monthly Mobile Phone Service Plans,11511
12763,Pre-Paid Mobile Phone Service Plans,11511
11505,Phone Rental Services,10878
12155,Telephone Maintenance,10878
11508,Telephony Equipment Donation,10878
13415,Voicemail Services & Calling Features,10878
11506,VOIP,10007
12168,VOIP Telephones,11506
10016,Jobs & Education,
10140,Alumni & Classmate Resources,10016
10141,Education & Training,10016
13828,Academic Conferences & Publications,10141
10760,CPR Training & Certification,10141
10763,"Colleges, Universities & Post-Secondary Education",10141
13513,Graduate Programs,10763
12058,Law Schools,13513
12059,MBA Programs,13513
12057,MFA Programs,13513
11777,Medical Schools,13513
13514,Undergraduate Programs,10763
10766,Community & Continuing Education,10141
10757,Language Education,10141
13020,Foreign Language Certifications,10757
10752,Online Education & Degree Programs,10141
10753,Preschool & Nursery School Programs,10141
11029,Primary & Secondary Schooling (K-12),10141
12337,Homeschooling,11029
13849,Public Speaking Resources,10141
13438,Special Education,10141
10754,Standardized & Admissions Tests,10141
12039,GED Preparation,10754
12041,GMAT Preparation,10754
12040,GRE Preparation,10754
12042,LSAT Preparation,10754
12038,SAT & College Boards Preparation,10754
10762,Study Abroad Programs,10141
10767,Teaching & Classroom Resources,10141
12063,Lesson Plans,10767
12064,School & Classroom Equipment,10767
11871,Textbooks,10141
10758,Training & Certification,10141
12049,Fitness Instruction Training,10758
12046,Real Estate Licensing,10758
12047,TEFL Training,10758
12048,Teacher Training & Certification,10758
10761,Tutoring Services,10141
10759,Vocational Training & Trade Schools,10141
12056,Acting Schools & Programs,10759
12050,Arts Education,10759
12055,Bartending Schools & Programs,10759
12198,Computer Education,10759
13783,Cosmetology & Beauty Professional Education,10759
12051,Film Schools & Programs,10759
12053,Nursing Education,10759
12054,Truck Driving Schools & Programs,10759
10755,Writing Courses & Resources,10141
12044,Business & Technical Writing Courses & Resources,10755
12043,Creative Writing Courses & Resources,10755
10139,Jobs & Careers,10016
10744,Career Assessments,10139
10747,Career Counseling & Coaching,10139
13696,Business Etiquette,10747
12037,Job Interview Coaching Services,10747
12036,Personal & Career Development,10747
10745,Career Events,10139
10746,Job Listings,10139
12033,Clerical & Administrative Jobs,10746
13772,Education Jobs,10746
12032,Engineering Jobs,10746
12020,Finance Jobs,10746
13869,Food Service Jobs,10746
12026,Freelance & Contract Jobs,10746
13773,Government & Public Sector Jobs,10746
12025,Headhunters & Independent Recruiters,10746
12035,Health & Medical Jobs,10746
12024,Human Resources Jobs,10746
12029,IT & Technical Jobs,10746
13877,Industrial & Manufacturing Jobs,10746
12021,International Jobs,10746
12034,Legal Jobs,10746
12031,Media Jobs,10746
13774,Post-Docs & Post-Doctoral Research,10746
12022,Recent College Graduate Jobs,10746
12028,Retail Jobs,10746
12030,Sales & Marketing Jobs,10746
12027,Social Service & Social Work Jobs,10746
12023,Temporary Jobs,10746
10749,Professional & Trade Associations,10139
10748,Professional Networking Resources,10139
10743,Resume Writing,10139
12018,Resume & Cover Letter Samples & Templates,10743
10018,Law & Government,
13661,Census Services,10018
10158,Emergency Services,10018
10810,Emergency Alert Services,10158
10813,Emergency Medical Services,10158
10816,Emergency Training Services,10158
10815,Fire Fighting Services,10158
12107,Forestry Fire Fighting Services,10815
10817,Poison Control,10158
10811,Roadside Assistance & Emergency Road Services,10158
12104,Auto Towing,10811
10814,Search & Rescue Services,10158
13414,Government,10018
13875,Embassies & Consulates,13414
13508,Government Ministries,13414
13444,Royalty,13414
13876,State & Local Government,13414
13343,Government Consulting & Contracting,10018
10162,Law Enforcement & Protective Services,10018
10849,Airport Security,10162
10851,Police,10162
10165,Private Investigation,10162
10850,Traffic Safety,10162
10163,Legal,10018
10866,Accident & Personal Injury Law,10163
13686,Attorneys & Law Firms,10163
10864,Bail Bonds,10163
10869,Bankruptcy Law,10163
10862,Business & Corporate Law,10163
10852,Class Action Law,10163
10858,Court Reporting,10163
13736,Criminal Law,10163
10861,Federal Crime Law,13736
12126,Drug Crime Law,10861
12125,White Collar Crime Law,10861
10868,Family Law,10163
12128,Child Custody,10868
12127,Divorce Law,10868
10860,Finance Law,10163
10857,Immigration Law,10163
12124,Green Card Lottery,10857
12123,Work Permits & Work Visas,10857
10871,Intellectual Property,10163
10856,Labor & Employment Law,10163
12122,Disability Rights,10856
12121,Discrimination Law,10856
12120,Sexual Harrassment,10856
10867,Lawsuit Funding,10163
10859,Legal Aid,10163
10161,Legal Forms & Kits,10163
10842,Business Formation & Incorporation Documents,10161
10848,Confidentiality Forms,10161
10838,Deeds,10161
10834,Employment Agreement Contracts,10161
10846,Employment Offer Letters,10161
10841,Franchise Contracts,10161
10840,Health Directives,10161
10835,Name Changes,10161
10845,Notary Bonds,10161
10831,Patent Forms,10161
10844,Power of Attorney Forms,10161
10833,Prenuptial Agreements,10161
10836,Promissory Notes,10161
10830,Real Estate Rental & Leasing Forms,10161
12116,Leases & Lease Amendments,10830
13025,Commercial Lease Contracts,12116
13026,Lease Amendments,12116
13027,Residential Lease Forms,12116
12115,Rental Applications,10830
10839,Release Agreement Forms,10161
10837,Sales Agreements,10161
10847,Wills & Living Trusts,10161
10865,Legal Insurance,10163
13644,Lemon Laws,10163
10855,Malpractice Suits & Law,10163
10863,Military Legal Services,10163
10853,Real Estate Law,10163
13646,Vehicle Codes & Driving Laws,10163
10870,Auto Accidents & Tickets,13646
10854,DUI,13646
10157,Vehicle Inspections,13646
10199,Vehicle Registration,13646
10159,Military,10018
10821,Air Force,10159
10818,Army,10159
10819,Coast Guard,10159
10822,Marines,10159
13345,Military Education & Training,10159
13350,Military Support Services,10159
10823,National Guard,10159
10820,Navy,10159
10156,Politics,10018
10808,Campaigns & Elections,10156
10805,Conservative Politics,10156
10809,Liberal Politics,10156
10806,Lobbying Services,10156
10807,Political Activism,10156
10160,Public Services,10018
10825,Animal Control,10160
10826,Public Broadcasting,10160
13403,Public Health,10160
13756,Food Safety & Inspection,13403
10827,Public Housing,10160
10828,Public Notaries,10160
10829,Public Utilities,10160
13512,Gas Utilities,10829
12114,Power & Electricity Services,10829
12111,Water Services,10829
10108,"News, Media & Publications",
10586,Apparel Media & Publications,10108
11876,Apparel Trade Publications,10586
11875,Fashion & Style Publications,10586
10112,Books & Literature,10108
13801,Audio Books,10112
10609,Book Retailers,10112
10608,Book Reviews,10112
13445,Children's Books,10112
10611,E-Books,10112
13660,Poetry,10112
10584,Celebrities & Entertainment News,10108
10576,Health Media & Publications,10108
13700,"Local News, Media & Publications",10108
11866,Magazines & Magazine Subscriptions,10108
10573,Men's Interests Media & Publications,10108
11868,Men's Interests Media & Publications - Mature,10573
13647,Newspapers,10108
13691,Online Media,10108
13785,Flash-Based Entertainment,13691
13692,Online Image Galleries,13691
10568,Podcasts,13691
10569,Webcasts,13691
13648,Political News & Media,10108
11867,Publishing,10108
12972,E-Book Publishing,11867
12973,Self-Publishing,11867
10756,Reference Materials & Resources,10108
13429,Dictionaries,10756
13430,Encyclopedias,10756
13600,Geographic Reference,10756
13601,Maps,13600
13716,Public Records,10756
13861,Quotations,10756
13432,Translation,10756
13777,Teen Media & Publications,10108
10023,Vehicle Media & Publications,10108
13426,Weather,10108
10581,Women's Interests Media & Publications,10108
13451,World News & Media,10108
10006,Occasions & Gifts,
10364,Cards & Greetings,10006
11448,E-Cards,10364
11443,Photo Cards,10364
10361,Stationery & Stationery Sets,10364
11436,Personalized Stationery,10361
11437,Thank You Cards,10361
10362,Flower Arrangements,10006
10365,Gifts,10006
13468,Engraving & Jewelry Engraving,10365
11461,Gift Baskets,10365
12966,Gift Cards,10365
13306,Movie Gift Cards & Gift Certificates,12966
13305,Restaurant Gift Cards & Gift Certificates,12966
10373,Gift Delivery,10365
11486,Flower Delivery Services,10373
10370,Gift Registries,10365
11479,Baby Shower Registry Services,10370
10367,Gift Wrap & Ribbons,10365
10376,Gift Wrapping Services,10367
11465,Ribbons & Bows,10367
11464,Wrapping Paper,10367
11458,Gourmet Food Gifts,10365
12748,Fruit Gifts,11458
12747,Gourmet Gift Baskets,11458
13509,Holidays & Seasonal Events,10006
13786,Carnival & Mardi Gras,13509
13738,Christmas,13509
13739,Easter,13509
13740,Halloween & October 31st,13509
10363,Holiday & Seasonal Decorations,13509
11441,Holiday Ornaments & Lights,10363
11440,Holiday Trees & Plants,10363
12737,Holiday Wreaths,10363
11442,Holiday-Themed Housewares,10363
13741,Jewish Holidays,13509
13507,Mother's Day & Father's Day,13509
13787,New Year's,13509
13742,Thanksgiving,13509
13510,Valentine's Day,13509
10368,Parties & Party Supplies,10006
11468,"Paper Plates, Napkins & Disposable Cutlery",10368
11466,Party Decorations,10368
11467,Party Favors,10368
11469,Party Invitations,10368
10372,Singing Telegrams,10006
13493,Special Occasions,10006
13501,Anniversaries,13493
13503,Baby Showers & New Baby,13493
13502,Birthdays & Name Days,13493
10366,Funerals & Bereavement,13493
13793,Pet Loss & Sympathy,10366
13506,Get Well,13493
13504,Graduation,13493
13505,Religious Occasions,13493
11483,Wedding & Special Occasion Photo & Video,13493
10369,Weddings,13493
11480,Wedding & Party Planning,10369
11471,Wedding Albums & Scrapbooks,10369
11482,Wedding Beauty Services,10369
11478,Wedding Cards,10369
11470,Wedding Decorations,10369
11473,Wedding Favors,10369
11476,Wedding Flowers,10369
12751,Wedding Bouquets,11476
12753,Wedding Boutonnieres & Corsages,11476
12752,Wedding Centerpieces,11476
11474,Wedding Gifts,10369
11477,Wedding Guestbooks,10369
11475,Wedding Invitations,10369
11472,Wedding Programs,10369
11481,Wedding Registries,10369
11484,Wedding Supply & Equipment Rentals,10369
10003,Real Estate,
10043,Commercial & Investment Real Estate,10003
10041,Escrow & Real Estate Titling,10003
10260,Escrow Services,10041
10259,Real Estate Titling & Land Registry,10041
11040,Property Title Searches,10259
11039,Title Insurance,10259
10037,House Plans & Floor Plans,10003
13784,Housing Market & Real Estate Prices,10003
10036,Private Communities,10003
10255,Golf Communities,10036
10254,Shared Interest Living Communities,10036
10039,Property Development,10003
10257,Commercial Property Development,10039
10258,New Homes & Custom Homes,10039
10034,Property Inspections & Appraisals,10003
10248,Home Appraisals,10034
10247,Land Surveying,10034
10033,Property Management,10003
10040,Real Estate Agents & Brokerages,10003
13649,Real Estate Auctions,10003
10042,Real Estate Listings,10003
13690,Bank-Owned & Foreclosed Listings,10042
10264,Commercial Real Estate Listings,10042
13688,Condo & Co-op Listings,10042
10267,For Sale By Owner Listings,10042
10265,Government Assistance Home Listing Services,10042
10266,Land & Acreage Listings,10042
13689,Mobile & Manufactured Home Listings,10042
10262,Rent To Own Real Estate Listings,10042
10032,Rental Listings,10042
13687,Apartment Rentals,10032
10243,Furnished & Short-Term Rental Listings,10032
10244,Roommates & Flat Sharing,10032
10261,Senior Living Listings,10042
10035,Relocation & Household Moving,10003
10253,Consumer Vehicle Shipping Services,10035
10251,Moving Supplies,10035
10250,Moving Truck & Van Rental,10035
10252,Storage Rental Services,10035
10249,Temporary Housing Services,10035
10038,Vacation Properties & Second Homes,10003
10256,Timeshares,10038
13575,Retailers & General Merchandise,
13441,Coupons & Rebates,13575
13810,Informal Selling & Exchanging,13575
13811,"Garage, Estate & Yard Sales",13810
13842,Rental Services,13575
13860,Shopping Portals & Search Engines,13575
13719,Wholesalers & Liquidators,13575
10014,Sports & Fitness,
10117,Boating & Water Recreation,10014
10627,Boat & Watercraft Parts & Accessories,10117
11905,Boat & Watercraft Safety Accessories,10627
12981,"Boat Gauges, Clocks & Instruments",10627
11906,Boat Propellers,10627
11903,Boat Seats,10627
11904,Marine Engines & Parts,10627
10628,Fishing,10117
11907,Fishing Tackle,10628
12980,"Fishing Bait, Lures & Ties",11907
12979,Fishing Rods & Poles,11907
10629,Scuba & Diving,10117
10626,Surfing & Windsurfing Gear,10117
10630,Water Skiing Equipment & Gear,10117
10123,Fitness,10014
10666,Fitness Classes & Instruction,10123
10667,Fitness Equipment & Accessories,10123
11925,Exercise Mats,10667
11928,Fitness & Weight Training Machines,10667
12983,Eliptical Machines,11928
12986,Home Gyms & Weight Training Machines,11928
12987,Stair Machines,11928
12984,Stationary Bikes,11928
12985,Treadmills,11928
11926,Fitness Balls,10667
11927,Weight Training Accessories,10667
10668,Gyms & Gym Memberships,10123
10669,Personal Training,10123
13486,Yoga & Pilates,10123
10121,Sporting Goods,10014
10648,Airsoft Equipment,10121
10661,American Football Equipment,10121
10656,Archery Equipment,10121
11921,Bow Hunting,10656
10643,Backyard Games Equipment,10121
10644,Baseball Equipment,10121
10637,Basketball Equipment,10121
10645,Bicycles & Accessories,10121
11915,Bicycles,10645
13892,BMX Bikes,11915
13893,Cruiser Bikes,11915
12996,Kids' Bikes & Trikes,11915
13895,Mountain Bikes,11915
13896,Road Bikes,11915
13889,Bike Accessories,10645
13890,Bike Frames,10645
11916,Bike Helmets & Protective Gear,10645
13891,Bike Parts & Repair,10645
10647,Bowling Equipment,10121
13632,Combat Sports Equipment,10121
10650,Boxing Gloves & Gear,13632
10654,Martial Arts Equipment,13632
10662,Wrestling Equipment,13632
10635,Cricket Equipment,10121
10664,Equestrian Equipment & Tack,10121
13571,Extreme Sports Equipment,10121
10653,Golf Equipment,10121
11919,Golf Balls,10653
11918,Golf Clubs,10653
11920,Golf Tees,10653
10660,Gymnastics Equipment,10121
10665,Hockey & Roller Hockey Equipment,10121
11923,Ice Hockey Skates,10665
11924,Roller Hockey Skates,10665
10641,Hunting & Shooting Equipment,10121
10633,Ice Skating Equipment,10121
11908,Ice Skates,10633
12982,Figure Skates,11908
10646,Lacrosse Equipment,10121
10640,Paintball Equipment,10121
10636,Roller Skating & Rollerblading Equipment,10121
11914,Inline Skates,10636
10649,Rugby Equipment,10121
10657,Running & Walking Equipment,10121
10659,Skateboarding Equipment,10121
11922,Skateboards & Skateboard Components,10659
10658,Soccer Equipment,10121
10638,Sports Uniforms,10121
10642,Squash & Racquetball Equipment,10121
10652,Swimming & Aquatic Sports Equipment,10121
10639,Table Tennis Equipment,10121
10651,Tennis Equipment,10121
10655,Track & Field Equipment,10121
10663,Volleyball Equipment,10121
10634,Winter Sports Equipment,10121
13485,Skiing Equipment,10634
11912,Ski & Snowboard Helmets,13485
11913,Skis,13485
11909,Snow Sleds,10634
11910,Snowboarding Gear,10634
13605,Sports,10014
13606,American Football,13605
13610,Baseball,13605
13609,Basketball,13605
13628,Bowling,13605
13839,Cheerleading,13605
13621,College Sports,13605
13633,Combat Sports,13605
13634,Boxing,13633
13631,Martial Arts,13633
13365,Martial Arts Instruction,13631
13874,Traditional Wrestling,13633
13607,Cricket,13605
13615,Cycling,13605
13664,Equestrian Sports,13605
13623,Extreme Sports,13605
13627,Golf,13605
13629,Gymnastics,13605
13870,Handball,13605
13611,Hockey,13605
13612,Hunting & Shooting,13605
13624,Motor Sports,13605
13833,Rodeo,13605
13613,Rugby,13605
13616,Running & Walking,13605
13617,Skate Sports,13605
13608,Soccer,13605
13618,Surfing & Windsurfing,13605
13619,Swimming & Aquatic Sports,13605
13626,Tennis,13605
13871,Track & Field,13605
13630,Volleyball,13605
13620,Winter Sports,13605
13614,Ice Skating,13620
13639,Skiing,13620
11911,Ski Lift Tickets,13639
13640,Snowboarding,13620
13625,World Sports Events,13605
13781,Olympics,13625
10115,Sports & Fitness Apparel,10014
10623,Cycling Apparel,10115
11900,Cycling Footwear,10623
10624,Gymnastics Apparel,10115
10622,Ice Skating Apparel,10115
10621,Running Apparel,10115
10618,Winter Sports Apparel,10115
10120,Sports Equipment Rental Services,10014
10632,Boat & Marine Vehicle Rental Services,10120
10631,Ski & Winter Sports Equipment Rental Services,10120
10116,Sports Fan Gear & Apparel,10014
11902,Sports Team Hats & Caps,10116
11901,Sports Team Jerseys,10116
10122,Sports Instruction & Coaching,10014
13483,Dance Classes & Lessons,10122
13482,Gymnastics Lessons & Classes,10122
13367,Horseback Riding Lessons,10122
13366,Swim Lessons & Aquatic Fitness Instruction,10122
10114,Sports News & Media,10014
10617,Fitness Media & Publications,10114
10119,Sports Programs & Camps,10014
10017,Travel & Tourism,
10142,Accommodations,10017
10775,Accommodation Packages,10142
10772,Bed & Breakfasts,10142
10771,"Camping, Caravan & RV Accommodations",10142
12070,Campsites & Campgrounds,10771
12071,Caravan & RV Rentals,10771
10768,Hostel Accommodations,10142
10769,"Hotels, Motels & Resorts",10142
12068,Extended Stay Hotels & Motels,10769
12067,Hotels,10769
13022,Hotel Packages,12067
12065,Motels,10769
12066,Resorts,10769
13021,Resort Packages,12066
13806,House Swaps & Home Exchanges,10142
10774,Last Minute Accommodation Deals,10142
10773,Ski Accommodations,10142
12072,"Ski Condos, Cabins & Townhome Rentals",10773
12073,Ski Lodges & Resorts,10773
10770,Vacation Rentals,10142
12069,Villa Rentals,10770
10144,Air Travel,10017
10779,Air Charter & Charter Jet Services,10144
10778,"Airline Tickets, Fares & Flights",10144
12079,First & Business Class Airfares & Flights,10778
10153,Cruises & Cruise Services,10017
10802,Activity & Theme-Based Cruises,10153
12096,Barge & River Cruises,10153
10800,Last Minute Cruises,10153
10147,Last Minute Travel,10017
10790,Last Minute Airfares & Flights,10147
10143,Luggage & Travel Accessories,10017
10776,Luggage,10143
12075,Carry-On Bags,10776
12078,Make-Up Bags,10776
12074,Rolling Luggage,10776
12077,Suitcases,10776
10777,Travel Accessories,10143
10152,Luggage Services,10017
13594,Luxury Travel,10017
10150,Specialty Travel,10017
10793,Adventure Travel,10150
13847,Agritourism,10150
12093,Couples Travel & Honeymoons,10150
10794,Ecotourism,10150
10795,Family Vacations & Travel,10150
12095,GLBT Travel,10150
12092,Senior Citizen Travel,10150
12091,Singles Travel,10150
10148,Tour Operators,10017
10791,Charter Bus Services,10148
10792,Sightseeing Tours,10148
10145,Tourist Attractions & Destinations,10017
13582,Beaches & Islands,10145
13857,Historical Sites & Buildings,10145
13858,Lakes & Rivers,10145
13862,Libraries,10145
13497,Museums,10145
12081,Regional Parks & Gardens,10145
13496,Theme Parks,10145
12098,Winter Travel Destinations,10145
12080,Zoos & Aquariums,10145
10146,Transportation & Excursions,10017
10785,Airport Transportation Services,10146
12087,Airport Parking Services,10785
12086,Airport Rail Service,10785
12085,Airport Shuttles & Car Services,10785
10787,Boat & Yacht Charter,10146
10783,Bus & Rail Services,10146
12083,Bus Services,10783
12084,Rail Services,10783
13023,Rail Passes,12084
10782,Car Rental Services,10146
13831,Carpooling & Ridesharing,10146
10786,Ferries,10146
10789,Limousine Services,10146
13410,Parking Services,10146
10784,Taxi Services,10146
10788,Trip Planners & Route Finders,10146
10151,Travel Booking Services,10017
10843,Travel Documents,10017
12117,Passports & Passport Services,10843
12119,Travel Consent Forms,10843
12118,Travel Visas & Visa Services,10843
10578,Travel Media & Publications,10017
10149,City & Local Guides,10578
11872,Road Maps,10578
11874,Travel Books & Guides,10578
10154,Vacation Packages,10017
10001,Vehicles,
10027,Boats & Watercraft,10001
10211,Fishing Boats,10027
10216,Kayaks,10027
10212,Personal Watercraft,10027
10214,Rafts,10027
10215,Row Boats & Canoes,10027
10213,Sailboats,10027
10217,Speedboats & Motorboats,10027
10210,Yachts,10027
10191,Driving Instruction & Driver Education,10001
10024,Motor Vehicles,10001
10183,Campers & RVs,10024
10951,Motorhomes,10183
10950,Pop-Up Campers,10183
10949,Travel Trailers,10183
10185,Cars & Trucks,10024
10956,4WD,10185
10961,Concept & Future Cars,10185
10958,Convertibles,10185
10953,Coupes,10185
10959,Crossovers,10185
10955,Hatchbacks,10185
10963,Hybrid & Alternative Vehicles,10185
13573,Luxury Cars,10185
13856,Microcars & City Cars,10185
10962,Pick-Up Trucks,10185
10957,SUVs,10185
10954,Sedans,10185
10952,Sports Cars,10185
10964,Station Wagons,10185
10960,Vans & Minivans,10185
10186,Commercial Vehicles,10024
13697,Cargo Trucks & Trailers,10186
10182,Motorcycles,10024
10181,Off-Road Vehicles,10024
10945,ATVs,10181
10946,Dirt Bikes,10181
10948,Dune Buggies,10181
10947,Go Karts,10181
10944,Snowmobiles,10181
10187,Scooters & Mopeds,10024
13714,Used Motor Vehicles,10024
10184,Vehicle Trailers,10024
10022,Personal Airplanes & Aircraft,10001
10189,Flying Instruction,10022
10200,Personal Aircraft Repair & Maintenance,10022
10190,Vehicle Auctions,10001
13655,Vehicle Dealers,10001
13657,Boat & Yacht Sales & Brokers,13655
13656,Car Dealers,13655
10198,Vehicle Donation & Removal,10001
10195,Vehicle Emissions,10001
10978,Vehicle History Reports,10001
10026,Vehicle Parts & Accessories,10001
10209,Car Parts & Accessories,10026
11000,Car Covers,10209
10997,Car Emergency Kits & Supplies,10209
10995,Car Mats,10209
10993,Car Modification Parts,10209
12269,Appearance Modifying Parts,10993
12268,Performance Modifying Parts,10993
10998,Car Sun Shields,10209
10996,Remote Keyless Entry Systems & Car Starters,10209
10994,Replacement Car Parts,10209
12272,Automotive Electronic Components,10994
13131,Car Batteries,12272
13130,Spark Plugs,12272
12275,Car Brakes,10994
12271,Car Engines & Engine Parts,10994
12273,Car Filters,10994
12270,Car Lamps & Lights,10994
12274,Windshield Wiper Blades,10994
10204,Motorcycle Parts & Accessories,10026
10983,Motorcycle Gloves & Gear,10204
10982,Motorcycle Helmets,10204
10202,Off-Road Vehicle Parts & Accessories,10026
10201,Personal Airplane & Aircraft Parts & Accessories,10026
10208,Scooter & Moped Parts & Accessories,10026
10203,Truck Parts & Accessories,10026
10205,Vehicle Cleansers & Care Supplies,10026
10207,Vehicle Racks,10026
10206,Vehicle Tires & Tire Parts,10026
10985,Car & Truck Tires,10206
10986,Car & Truck Wheels,10206
10984,Motorcycle Tires & Tire Parts,10206
10991,Personal Airplane & Aircraft Tires,10206
10988,Scooter & Moped Tires,10206
10992,Snow Chains,10206
10990,Snow Tires,10206
10193,Vehicle Repair & Maintenance,10001
10967,Brake Repair,10193
10973,Collision & Auto Body Repair,10193
10969,Oil Changes,10193
10972,Transmissions & Transmission Repair,10193
10971,Tune-Ups,10193
10981,Vehicle Painting,10193
10979,Vehicle Washing & Detailing,10193
10968,Windshield Repair,10193
10196,"Vehicle Specs, Reviews & Comparisons",10001
10194,Vehicle Towing,10001
10974,Boat Towing,10194
10188,Vehicle Warranties & Protection Plans,10001
10980,Vehicle Window Tinting,10001
10008,Unknown,
14306,Blocked,
